Player,MP,FG,FGA,FG%,3P,3PA,3P%,FT,FTA,FT%,ORB,DRB,TRB,AST,STL,BLK,TOV,PF,PTS,GmSc,position,height,weight,country,draft_year,draft_number,conference,division,team,Group
A.J. Green,20.09,2.72,5.56,0.45,2.44,5.11,0.41,0.28,0.33,0.14,0.22,1.78,2.0,0.89,0.56,0.06,0.5,1.83,8.17,6.02,G,1.93,85.5,USA,undrafted,undrafted,East,Central,Milwaukee Bucks,Role Players
AJ Johnson,2.07,0.25,0.75,0.25,0.0,0.0,0.0,0.0,0.0,0.0,0.0,0.25,0.25,0.25,0.0,0.0,0.25,0.0,0.5,0.08,G,1.96,72.0,USA,2024,23,East,Central,Milwaukee Bucks,Prospects and Bench Players
Aaron Gordon,30.34,5.29,10.0,0.52,1.71,3.14,0.49,3.14,3.71,0.61,2.71,4.0,6.71,3.14,0.71,0.29,1.29,1.86,15.43,14.5,F,2.03,105.75,USA,2014,4,West,Northwest,Denver Nuggets,All-Stars
Aaron Holiday,8.73,1.27,2.82,0.41,0.82,2.09,0.29,0.45,0.64,0.18,0.0,0.82,0.82,1.27,0.09,0.09,0.27,0.45,3.82,3.12,G,1.83,83.25,USA,2018,23,West,Southwest,Houston Rockets,Prospects and Bench Players
Aaron Nesmith,22.7,3.17,6.0,0.55,1.0,1.83,0.5,1.83,2.17,0.44,0.67,3.33,4.0,1.0,0.67,0.33,0.83,4.0,9.17,6.73,F,1.98,96.75,USA,2020,14,East,Central,Indiana Pacers,Role Players
Aaron Wiggins,20.79,3.58,8.0,0.46,1.53,3.63,0.44,0.53,0.68,0.25,1.16,2.63,3.79,1.53,0.79,0.26,0.84,1.37,9.21,7.23,G,1.96,85.5,USA,2021,55,West,Northwest,Oklahoma City Thunder,Role Players
Adam Flagler,3.31,0.44,1.67,0.35,0.44,1.56,0.35,0.0,0.0,0.0,0.11,0.44,0.56,0.0,0.22,0.0,0.0,0.44,1.33,0.6,G,1.9,81.0,USA,undrafted,undrafted,West,Northwest,Oklahoma City Thunder,Prospects and Bench Players
Adama Sanogo,4.57,1.0,1.67,0.5,0.0,0.0,0.0,0.0,0.0,0.0,0.67,0.0,0.67,0.33,0.0,0.0,0.33,0.33,2.0,1.47,F,2.06,110.25,Mali,undrafted,undrafted,East,Central,Chicago Bulls,Prospects and Bench Players
Adem Bona,5.2,0.5,0.67,0.35,0.0,0.0,0.0,0.25,0.33,0.14,0.5,1.17,1.67,0.0,0.0,0.5,0.33,0.92,1.25,1.3,F,2.08,105.75,Nigeria,2024,41,East,Atlantic,Philadelphia 76ers,Prospects and Bench Players
Ajay Mitchell,16.4,2.26,4.68,0.44,0.58,1.37,0.35,0.53,0.68,0.29,0.37,1.16,1.53,1.63,0.89,0.05,0.79,1.63,5.63,4.43,G,1.96,85.5,Belgium,2024,38,West,Northwest,Oklahoma City Thunder,Role Players
Al Horford,27.67,3.47,7.27,0.45,2.2,5.13,0.42,0.4,0.4,0.27,0.93,4.2,5.13,2.4,0.8,0.87,0.93,1.53,9.53,9.29,F,2.06,108.0,Dominican Republic,2007,3,East,Atlantic,Boston Celtics,Role Players
Alec Burks,16.65,2.0,4.3,0.41,1.4,3.0,0.26,0.5,0.6,0.25,0.4,1.8,2.2,1.5,0.4,0.3,0.2,0.5,5.9,5.73,G,1.96,96.3,USA,2011,12,East,Southeast,Miami Heat,Prospects and Bench Players
Alex Caruso,19.7,2.0,5.62,0.32,0.62,3.0,0.2,0.38,0.54,0.19,0.69,2.23,2.92,2.15,1.85,0.62,0.69,2.62,5.0,5.01,G,1.96,83.7,USA,undrafted,undrafted,West,Northwest,Oklahoma City Thunder,Role Players
Alex Ducas,1.82,0.0,0.75,0.0,0.0,0.5,0.0,0.0,0.0,0.0,0.0,0.0,0.0,0.0,0.0,0.0,0.0,0.0,0.0,-0.52,G,2.01,99.0,USA,undrafted,undrafted,West,Northwest,Oklahoma City Thunder,Prospects and Bench Players
Alex Len,7.65,0.73,1.27,0.39,0.0,0.27,0.0,0.13,0.27,0.07,0.4,1.67,2.07,0.73,0.2,0.73,0.4,0.93,1.6,2.19,C,2.13,112.5,Ukraine,2013,5,West,Pacific,Sacramento Kings,Prospects and Bench Players
Alex Reese,1.88,1.0,1.0,1.0,0.0,0.0,0.0,0.0,0.0,0.0,1.0,0.0,1.0,0.0,0.0,0.0,0.0,0.0,2.0,2.4,F,2.06,110.25,USA,undrafted,undrafted,West,Northwest,Oklahoma City Thunder,Prospects and Bench Players
Alex Sarr,26.77,3.94,10.5,0.36,1.11,4.56,0.23,1.56,2.33,0.51,1.94,4.11,6.06,2.11,0.72,1.83,1.28,2.78,10.56,8.16,C,2.13,92.25,France,2024,2,East,Southeast,Washington Wizards,All-Stars
Alondes Williams,3.72,2.0,2.0,1.0,1.0,1.0,1.0,0.0,0.0,0.0,0.0,0.0,0.0,1.0,0.0,0.0,0.0,0.0,5.0,5.1,G,1.93,94.5,USA,undrafted,undrafted,East,Central,Detroit Pistons,Prospects and Bench Players
Alperen Sengun,30.44,7.2,15.15,0.47,0.4,1.5,0.25,3.9,5.1,0.65,3.45,7.3,10.75,5.1,1.2,1.25,2.15,2.75,18.7,17.49,C,2.11,109.35,Turkey,2021,16,West,Southwest,Houston Rockets,All-Stars
Amen Thompson,26.72,4.35,7.55,0.57,0.3,1.0,0.2,2.9,3.95,0.75,2.15,4.85,7.0,2.1,1.3,1.0,1.75,2.5,11.9,11.62,F,2.01,90.0,USA,2023,4,West,Southwest,Houston Rockets,All-Stars
Amir Coffey,24.15,3.29,7.05,0.47,1.48,3.57,0.42,1.52,1.81,0.6,0.57,1.86,2.43,1.19,0.62,0.05,0.57,1.48,9.57,7.12,G,2.01,94.5,USA,undrafted,undrafted,West,Pacific,LA Clippers,Role Players
Andre Drummond,20.34,3.24,6.18,0.55,0.06,0.35,0.06,1.53,2.76,0.54,2.88,5.29,8.18,0.59,1.29,0.47,1.71,2.53,8.06,7.46,C,2.11,125.55,USA,2012,9,East,Atlantic,Philadelphia 76ers,All-Stars
Andrew Nembhard,26.65,2.86,7.43,0.45,0.43,1.86,0.18,1.14,1.43,0.46,0.14,1.86,2.0,4.71,0.86,0.0,1.43,2.14,7.29,5.64,G,1.93,85.95,Canada,2022,31,East,Central,Indiana Pacers,Role Players
Andrew Wiggins,28.74,6.0,13.06,0.44,2.24,5.41,0.39,3.18,4.18,0.64,1.71,2.65,4.35,2.35,0.76,0.76,0.94,1.82,17.41,13.54,F,2.01,88.65,Canada,2014,1,West,Pacific,Golden State Warriors,Superstars
Anfernee Simons,30.79,5.88,14.94,0.38,2.41,7.53,0.28,2.53,2.82,0.67,0.24,2.29,2.53,4.29,0.88,0.06,2.47,1.71,16.71,10.11,G,1.9,90.0,USA,2018,24,West,Northwest,Portland Trail Blazers,Superstars
Anthony Black,24.26,2.86,7.14,0.42,0.76,2.67,0.23,2.0,2.67,0.59,0.57,2.14,2.71,4.14,1.0,0.76,2.24,2.24,8.48,6.7,G,2.01,90.0,USA,2023,6,East,Southeast,Orlando Magic,Role Players
Anthony Davis,35.32,10.11,18.22,0.56,0.72,2.0,0.29,7.44,9.56,0.78,2.67,8.89,11.56,3.39,1.28,2.06,2.0,2.0,28.39,25.66,C,2.08,113.85,USA,2012,1,West,Pacific,Los Angeles Lakers,Superstars
Anthony Edwards,37.46,9.58,21.16,0.46,4.68,10.95,0.43,3.84,4.79,0.77,0.68,4.68,5.37,3.74,1.26,0.63,3.0,2.0,27.68,18.73,G,1.93,101.25,USA,2020,1,West,Northwest,Minnesota Timberwolves,Superstars
Anthony Gill,5.5,0.77,1.31,0.28,0.23,0.46,0.23,0.54,1.0,0.15,0.23,0.69,0.92,0.38,0.23,0.08,0.08,0.15,2.31,2.3,F,2.03,103.5,USA,undrafted,undrafted,East,Southeast,Washington Wizards,Prospects and Bench Players
Antonio Reeves,10.03,2.18,5.0,0.41,0.73,2.55,0.2,0.55,0.64,0.32,0.27,1.0,1.27,0.45,0.27,0.0,0.27,0.36,5.64,3.64,G,1.96,92.25,USA,2024,47,West,Southwest,New Orleans Pelicans,Prospects and Bench Players
Ariel Hukporti,9.73,0.57,1.14,0.23,0.0,0.0,0.0,0.14,0.29,0.07,0.29,1.71,2.0,0.43,0.0,1.14,1.0,1.57,1.29,0.84,C,2.11,110.7,Germany,2024,58,East,Atlantic,New York Knicks,Prospects and Bench Players
Ausar Thompson,15.51,2.0,5.75,0.36,0.75,2.25,0.29,0.75,1.75,0.31,1.0,1.5,2.5,3.25,0.5,0.5,1.5,2.25,5.5,3.75,F,1.98,92.25,USA,2023,5,East,Central,Detroit Pistons,Role Players
Austin Reaves,33.74,5.79,13.16,0.44,2.63,7.42,0.35,2.53,3.26,0.62,0.79,2.74,3.53,4.84,1.05,0.21,2.26,2.16,16.74,12.38,G,1.96,88.65,USA,undrafted,undrafted,West,Pacific,Los Angeles Lakers,Superstars
Ayo Dosunmu,29.31,4.62,9.67,0.48,1.1,3.9,0.28,1.52,1.95,0.46,0.57,3.1,3.67,4.14,0.52,0.43,1.29,2.33,11.86,9.6,G,1.96,90.0,USA,2021,38,East,Central,Chicago Bulls,Role Players
Bam Adebayo,35.18,5.94,13.88,0.42,0.94,2.82,0.28,3.0,4.24,0.57,2.71,6.65,9.35,4.76,1.76,0.88,1.59,2.06,15.82,15.18,F,2.06,114.75,USA,2017,14,East,Southeast,Miami Heat,All-Stars
Baylor Scheierman,5.76,0.25,1.75,0.08,0.0,1.0,0.0,0.5,0.5,0.25,0.5,1.0,1.5,0.25,0.0,0.0,0.0,0.5,1.0,0.5,G,1.98,92.25,USA,2024,undrafted,East,Atlantic,Boston Celtics,Prospects and Bench Players
Ben Sheppard,20.89,2.15,5.08,0.39,1.46,3.62,0.36,0.0,0.0,0.0,0.38,1.85,2.23,1.31,0.38,0.31,0.38,2.54,5.77,4.02,G,1.98,85.5,USA,2023,26,East,Central,Indiana Pacers,Role Players
Ben Simmons,25.03,2.8,4.67,0.58,0.0,0.0,0.0,0.2,0.4,0.05,1.07,4.93,6.0,6.67,0.8,0.53,2.73,2.8,5.8,7.79,F,2.08,108.0,Australia,2016,1,East,Atlantic,Brooklyn Nets,All-Stars
Bennedict Mathurin,32.36,6.05,12.25,0.51,1.75,4.1,0.45,4.65,5.55,0.71,1.25,5.4,6.65,1.8,0.7,0.25,2.05,2.45,18.5,13.58,G,1.96,94.5,Canada,2022,6,East,Central,Indiana Pacers,Superstars
Bilal Coulibaly,35.11,4.65,9.65,0.46,1.0,3.24,0.24,2.35,3.12,0.68,1.53,3.82,5.35,2.88,1.29,0.65,1.88,2.41,12.65,10.58,G,2.03,87.75,France,2023,7,East,Southeast,Washington Wizards,Role Players
Blake Wesley,11.75,1.71,3.88,0.37,0.24,1.18,0.11,0.71,1.0,0.35,0.29,0.59,0.88,1.59,0.47,0.06,1.06,0.59,4.35,2.91,G,1.9,83.25,USA,2022,25,West,Southwest,San Antonio Spurs,Prospects and Bench Players
Bobby Portis,23.73,5.44,11.78,0.46,1.0,3.06,0.36,0.89,1.22,0.42,1.83,5.56,7.39,1.33,0.44,0.56,1.22,1.44,12.78,9.49,F,2.08,112.5,USA,2015,22,East,Central,Milwaukee Bucks,All-Stars
Bogdan Bogdanović,24.78,4.0,10.29,0.39,2.29,6.57,0.36,1.29,1.29,0.43,1.0,2.57,3.57,1.71,0.43,0.43,1.57,2.86,11.57,6.66,G,1.96,101.25,Serbia,2014,27,East,Southeast,Atlanta Hawks,Role Players
Bol Bol,4.22,1.0,1.8,0.4,0.2,0.8,0.07,0.8,1.2,0.3,0.4,0.6,1.0,0.2,0.0,0.0,0.2,0.2,3.0,2.3,C,2.21,99.0,Sudan,2019,44,West,Pacific,Phoenix Suns,Prospects and Bench Players
Bones Hyland,6.61,1.43,4.14,0.35,1.0,2.57,0.31,1.0,1.14,0.5,0.29,0.43,0.71,0.29,0.71,0.29,0.71,1.0,4.86,2.8,G,1.88,76.05,USA,2021,26,West,Pacific,LA Clippers,Prospects and Bench Players
Bradley Beal,33.39,6.91,13.73,0.51,2.45,6.18,0.41,1.91,2.36,0.46,0.55,3.18,3.73,3.18,1.18,0.82,1.55,2.64,18.18,13.87,G,1.93,93.15,USA,2012,3,West,Pacific,Phoenix Suns,Superstars
Branden Carlson,1.53,0.5,0.5,0.5,0.0,0.0,0.0,0.0,0.0,0.0,1.0,1.0,2.0,0.0,0.0,0.0,0.0,0.0,1.0,1.85,C,2.13,99.0,USA,undrafted,undrafted,East,Atlantic,Toronto Raptors,Prospects and Bench Players
Brandin Podziemski,24.18,3.0,7.94,0.32,0.78,3.61,0.24,0.94,1.28,0.38,1.06,3.61,4.67,3.5,0.72,0.39,1.22,1.83,7.72,6.54,G,1.93,92.25,USA,2023,19,West,Pacific,Golden State Warriors,Role Players
Brandon Boston Jr.,29.04,4.29,10.29,0.38,1.18,3.94,0.24,1.76,2.12,0.54,0.88,3.06,3.94,4.0,1.59,0.24,1.71,1.88,11.53,9.53,G,1.98,84.60000000000001,USA,2021,51,West,Southwest,New Orleans Pelicans,Role Players
Brandon Clarke,17.47,3.0,5.26,0.57,0.05,0.84,0.01,0.63,1.0,0.33,1.47,3.21,4.68,0.79,0.79,0.32,0.37,1.89,6.68,6.48,F,2.03,96.75,Canada,2019,21,West,Southwest,Memphis Grizzlies,Role Players
Brandon Ingram,33.72,9.0,19.38,0.46,2.44,6.69,0.36,2.44,2.94,0.7,1.0,4.75,5.75,5.44,0.81,0.62,3.88,2.56,22.88,14.99,F,2.03,85.5,USA,2016,2,West,Southwest,New Orleans Pelicans,Superstars
Brandon Miller,34.18,7.25,18.31,0.4,3.81,10.56,0.36,2.31,2.5,0.71,1.06,4.25,5.31,3.69,1.44,0.81,2.94,2.69,20.62,13.22,F,2.01,90.0,USA,2023,2,East,Southeast,Charlotte Hornets,Superstars
Brandon Williams,4.26,0.4,1.8,0.25,0.0,0.4,0.0,0.4,0.6,0.13,0.2,0.6,0.8,0.4,0.0,0.0,0.4,0.4,1.2,0.06,G,1.85,85.5,USA,undrafted,undrafted,West,Southwest,Dallas Mavericks,Prospects and Bench Players
Brice Sensabaugh,16.11,2.85,6.31,0.4,1.69,3.92,0.3,0.77,0.85,0.35,0.85,1.54,2.38,0.54,0.62,0.08,1.23,0.77,8.15,5.41,F,1.96,105.75,USA,2023,28,West,Northwest,Utah Jazz,Role Players
Bronny James,2.63,0.17,1.0,0.08,0.0,0.67,0.0,0.33,0.33,0.17,0.17,0.0,0.17,0.33,0.17,0.0,0.0,0.33,0.67,0.42,G,1.88,94.5,USA,2024,55,West,Pacific,Los Angeles Lakers,Prospects and Bench Players
Brook Lopez,32.79,4.68,9.79,0.46,2.05,5.58,0.34,1.21,1.63,0.45,1.16,3.79,4.95,1.84,1.26,2.37,1.21,2.47,12.63,11.44,C,2.16,126.9,USA,2008,undrafted,East,Central,Milwaukee Bucks,All-Stars
Bruno Fernando,8.67,1.64,3.21,0.45,0.0,0.0,0.0,0.43,0.57,0.21,1.5,1.57,3.07,1.21,0.14,0.5,0.79,1.71,3.71,3.46,F,2.06,108.0,Angola,2019,34,East,Atlantic,Toronto Raptors,Prospects and Bench Players
Buddy Hield,23.3,5.37,11.58,0.45,3.42,7.74,0.44,1.16,1.26,0.5,0.74,2.74,3.47,1.58,0.79,0.26,1.16,2.16,15.32,10.71,G,1.93,99.0,Bahamas,2016,6,West,Pacific,Golden State Warriors,Role Players
CJ McCollum,33.26,8.0,17.71,0.44,3.29,8.86,0.36,1.71,2.71,0.38,0.57,3.0,3.57,3.29,1.43,0.57,1.86,1.71,21.0,14.29,G,1.9,85.5,USA,2013,undrafted,West,Southwest,New Orleans Pelicans,Superstars
Cade Cunningham,36.16,8.83,19.94,0.45,2.33,6.22,0.37,3.5,4.33,0.7,1.06,6.11,7.17,9.0,0.94,0.83,4.72,2.56,23.5,17.39,F,1.98,99.0,USA,2021,1,East,Central,Detroit Pistons,Superstars
Caleb Houstan,4.51,0.23,1.38,0.08,0.15,1.15,0.05,0.15,0.15,0.08,0.08,0.46,0.54,0.0,0.0,0.08,0.08,0.46,0.77,-0.12,G,2.03,92.25,Canada,2022,32,East,Southeast,Orlando Magic,Prospects and Bench Players
Caleb Martin,32.04,3.38,8.19,0.4,0.88,2.88,0.29,2.25,3.31,0.52,1.56,3.38,4.94,2.5,1.06,0.56,2.0,1.88,9.88,7.63,F,1.96,92.25,USA,undrafted,undrafted,East,Atlantic,Philadelphia 76ers,Role Players
Cam Reddish,20.49,1.38,2.54,0.45,0.69,1.31,0.38,0.46,0.77,0.15,0.46,2.08,2.54,0.54,1.08,0.31,0.46,1.85,3.92,3.99,F,2.01,97.65,USA,2019,undrafted,West,Pacific,Los Angeles Lakers,Role Players
Cam Spencer,10.45,0.5,1.0,0.5,0.0,0.5,0.0,0.0,0.0,0.0,0.0,1.0,1.0,1.0,0.0,0.5,0.5,1.0,1.0,0.95,G,1.93,92.25,USA,2024,53,West,Southwest,Memphis Grizzlies,Prospects and Bench Players
Cam Thomas,33.4,8.06,17.47,0.45,2.88,7.41,0.38,5.71,6.59,0.87,0.35,2.88,3.24,3.35,0.71,0.06,2.82,2.0,24.71,15.93,G,1.9,94.5,Japan,2021,27,East,Atlantic,Brooklyn Nets,Superstars
Cam Whitmore,9.86,2.25,6.0,0.37,0.12,2.62,0.06,1.25,2.0,0.5,0.5,0.88,1.38,0.5,0.12,0.12,0.38,1.12,5.88,2.62,F,2.01,103.5,USA,2023,undrafted,West,Southwest,Houston Rockets,Prospects and Bench Players
Cameron Johnson,32.3,5.95,12.2,0.48,3.15,7.45,0.44,2.65,2.95,0.65,0.7,3.5,4.2,3.1,0.85,0.45,0.85,1.9,17.7,14.68,F,2.03,94.5,USA,2019,11,East,Atlantic,Brooklyn Nets,Superstars
Cameron Payne,17.84,3.0,6.8,0.43,1.8,4.13,0.39,0.47,0.6,0.2,0.4,1.6,2.0,3.27,0.67,0.27,0.6,2.27,8.27,7.05,G,1.9,82.35000000000001,USA,2015,14,East,Atlantic,New York Knicks,Role Players
Caris LeVert,24.1,4.07,7.71,0.51,1.71,3.64,0.49,1.64,2.14,0.6,0.64,2.14,2.79,4.29,0.93,0.5,1.07,1.43,11.5,11.26,G,1.98,92.25,USA,2016,undrafted,East,Central,Cleveland Cavaliers,Role Players
Carlton Carrington,27.72,3.17,7.89,0.38,1.39,3.94,0.33,1.06,1.33,0.42,0.22,3.67,3.89,4.39,1.17,0.33,1.89,2.94,8.78,7.07,G,1.93,85.5,USA,2024,14,East,Southeast,Washington Wizards,Role Players
Cason Wallace,25.79,2.63,6.37,0.42,0.74,2.84,0.26,0.16,0.16,0.11,1.11,2.16,3.26,2.05,1.68,0.68,0.37,2.0,6.16,6.61,G,1.9,87.75,USA,2023,undrafted,West,Northwest,Oklahoma City Thunder,Role Players
Charles Bassey,8.75,1.36,2.36,0.43,0.0,0.0,0.0,0.45,0.73,0.18,1.0,2.09,3.09,0.36,0.45,1.09,0.45,0.73,3.18,4.02,G,2.08,103.5,Nigeria,2021,53,West,Southwest,San Antonio Spurs,Prospects and Bench Players
Chet Holmgren,26.47,5.6,11.1,0.45,1.4,3.7,0.37,3.8,4.9,0.72,1.6,7.1,8.7,2.0,0.8,2.6,2.3,1.8,16.4,14.68,C,2.16,93.6,USA,2022,2,West,Northwest,Oklahoma City Thunder,All-Stars
Chris Boucher,18.29,3.75,7.85,0.43,1.15,3.8,0.24,1.6,2.15,0.41,1.3,3.35,4.65,0.6,0.55,0.75,0.65,1.2,10.25,8.32,F,2.06,90.0,Saint Lucia,undrafted,undrafted,East,Atlantic,Toronto Raptors,Role Players
Chris Duarte,4.09,0.9,1.6,0.57,0.5,1.0,0.45,0.6,0.8,0.17,0.3,0.7,1.0,0.3,0.0,0.0,0.0,0.2,2.9,2.61,G,1.96,85.5,Dominican Republic,2021,13,East,Central,Chicago Bulls,Prospects and Bench Players
Chris Livingston,1.21,0.5,1.0,0.5,0.0,0.0,0.0,0.0,0.0,0.0,0.5,0.5,1.0,0.0,0.0,0.0,0.0,0.0,1.0,1.0,F,1.98,99.0,USA,2023,58,East,Central,Milwaukee Bucks,Prospects and Bench Players
Chris Paul,28.35,3.58,7.84,0.43,1.89,5.11,0.37,1.53,1.53,0.68,0.37,3.21,3.58,8.16,1.37,0.21,1.79,1.89,10.58,12.42,G,1.83,78.75,USA,2005,4,West,Southwest,San Antonio Spurs,Role Players
Christian Braun,34.9,5.94,10.24,0.6,1.35,2.82,0.47,2.94,3.65,0.75,1.18,3.76,4.94,1.94,1.24,0.71,1.29,2.24,16.18,13.96,G,1.98,99.0,USA,2022,21,West,Northwest,Denver Nuggets,Superstars
Christian Koloko,9.18,1.0,1.4,0.44,0.0,0.1,0.0,0.2,0.2,0.1,0.7,1.1,1.8,0.3,0.4,0.4,0.4,1.1,2.2,2.49,C,2.13,103.5,Cameroon,2022,33,West,Pacific,Los Angeles Lakers,Prospects and Bench Players
Clint Capela,22.5,4.71,7.95,0.6,0.0,0.0,0.0,1.24,2.24,0.41,3.43,5.38,8.81,1.38,0.62,0.9,0.81,1.86,10.67,11.27,C,2.08,115.2,Switzerland,2014,25,East,Southeast,Atlanta Hawks,All-Stars
Coby White,32.48,6.05,13.9,0.42,3.29,8.67,0.37,2.9,3.33,0.78,0.33,3.38,3.71,4.52,1.14,0.24,2.48,2.38,18.29,13.1,G,1.96,87.75,USA,2019,7,East,Central,Chicago Bulls,Superstars
Cody Martin,25.12,3.15,7.15,0.43,1.25,3.5,0.4,1.05,1.6,0.36,1.2,3.65,4.85,2.4,1.15,0.75,0.85,1.9,8.6,8.32,F,1.98,92.25,USA,2019,36,East,Southeast,Charlotte Hornets,Role Players
Cody Williams,18.68,1.12,4.19,0.18,0.44,2.31,0.1,0.38,0.62,0.17,0.5,1.81,2.31,1.19,0.44,0.31,0.69,1.25,3.06,1.68,F,2.01,85.5,USA,2024,undrafted,West,Northwest,Utah Jazz,Prospects and Bench Players
Colby Jones,4.03,0.45,0.91,0.24,0.18,0.36,0.14,0.0,0.0,0.0,0.18,0.45,0.64,0.18,0.18,0.18,0.36,0.45,1.09,0.79,G,1.98,93.15,USA,2023,34,West,Pacific,Sacramento Kings,Prospects and Bench Players
Cole Anthony,9.99,1.53,4.0,0.39,0.53,1.79,0.23,1.05,1.53,0.32,0.32,1.74,2.05,1.63,0.47,0.05,1.05,1.32,4.63,3.07,G,1.88,83.25,USA,2020,15,East,Southeast,Orlando Magic,Prospects and Bench Players
Cole Swider,6.54,0.0,2.5,0.0,0.0,2.5,0.0,0.0,0.0,0.0,0.0,1.0,1.0,0.5,0.0,0.0,0.0,0.5,0.0,-1.3,F,2.03,99.0,USA,undrafted,undrafted,East,Central,Detroit Pistons,Prospects and Bench Players
Colin Castleton,2.31,0.0,0.17,0.0,0.0,0.17,0.0,0.67,0.67,0.17,0.0,0.83,0.83,0.0,0.0,0.17,0.0,0.33,0.67,0.78,C,2.08,112.5,USA,undrafted,undrafted,West,Southwest,Memphis Grizzlies,Prospects and Bench Players
Collin Gillespie,3.43,1.0,2.0,0.5,1.0,1.0,1.0,0.0,0.0,0.0,0.0,0.0,0.0,0.0,0.0,0.0,0.0,0.0,3.0,2.0,G,1.85,87.75,USA,undrafted,undrafted,West,Pacific,Phoenix Suns,Prospects and Bench Players
Collin Sexton,28.31,5.74,12.11,0.46,1.84,4.21,0.35,3.68,4.16,0.82,0.68,1.84,2.53,3.11,0.68,0.11,2.32,2.47,17.0,11.29,G,1.9,85.5,USA,2018,8,West,Northwest,Utah Jazz,Superstars
Corey Kispert,28.66,4.17,10.0,0.41,1.94,6.17,0.27,1.0,1.22,0.23,0.39,3.11,3.5,1.44,0.67,0.11,1.17,1.72,11.28,6.96,F,1.98,100.8,USA,2021,15,East,Southeast,Washington Wizards,Role Players
Cory Joseph,3.54,0.38,1.15,0.31,0.38,0.92,0.31,0.0,0.0,0.0,0.23,0.46,0.69,0.69,0.15,0.15,0.15,0.23,1.15,1.3,G,1.88,90.0,Canada,2011,29,East,Southeast,Orlando Magic,Prospects and Bench Players
Craig Porter,9.7,1.13,2.0,0.38,0.33,0.73,0.17,0.2,0.33,0.1,0.07,0.87,0.93,1.33,0.33,0.4,0.6,0.47,2.8,2.87,G,1.85,81.0,USA,undrafted,undrafted,East,Central,Cleveland Cavaliers,Prospects and Bench Players
D'Angelo Russell,26.89,4.26,10.53,0.39,1.79,5.84,0.31,1.74,2.0,0.67,0.26,2.32,2.58,4.84,1.0,0.16,1.68,1.89,12.05,9.22,G,1.9,86.85000000000001,USA,2015,2,West,Pacific,Los Angeles Lakers,Role Players
D.J. Carton,8.35,0.25,1.75,0.12,0.0,0.75,0.0,0.25,0.25,0.25,0.0,1.0,1.0,0.75,0.5,0.0,1.0,0.25,0.75,-0.15,G,1.9,90.0,USA,undrafted,undrafted,East,Atlantic,Toronto Raptors,Prospects and Bench Players
Dalano Banton,16.18,3.5,8.11,0.46,1.44,3.61,0.33,1.5,2.28,0.42,0.28,2.06,2.33,2.39,1.11,0.67,1.78,1.22,9.94,7.15,G,2.03,91.35,Canada,2021,46,West,Northwest,Portland Trail Blazers,Role Players
Dalen Terry,12.98,1.43,3.05,0.43,0.38,1.05,0.2,1.0,1.29,0.29,0.71,0.71,1.43,1.0,0.62,0.33,0.86,1.29,4.24,3.46,F,2.01,87.75,USA,2022,18,East,Central,Chicago Bulls,Prospects and Bench Players
Dalton Knecht,23.77,4.42,8.89,0.48,2.47,5.63,0.42,0.84,0.95,0.29,0.53,2.74,3.26,1.21,0.47,0.0,0.37,1.32,12.16,9.27,F,1.98,96.75,USA,2024,17,West,Pacific,Los Angeles Lakers,Role Players
Damian Lillard,36.17,7.94,18.0,0.43,3.31,9.19,0.31,6.75,7.31,0.93,0.62,3.88,4.5,7.81,1.0,0.25,2.75,1.88,25.94,21.03,G,1.88,87.75,USA,2012,6,East,Central,Milwaukee Bucks,Superstars
Damion Lee,9.38,1.0,3.5,0.32,0.25,2.25,0.25,1.5,1.5,0.75,0.0,1.25,1.25,1.25,0.5,0.0,0.75,0.25,3.75,2.6,G,1.98,94.5,USA,undrafted,undrafted,West,Pacific,Phoenix Suns,Prospects and Bench Players
Daniel Gafford,21.19,5.32,7.26,0.75,0.0,0.0,0.0,1.74,2.58,0.59,3.0,3.89,6.89,1.26,0.58,1.26,0.89,2.74,12.37,12.7,F,2.08,119.25,USA,2019,38,West,Southwest,Dallas Mavericks,All-Stars
Daniel Theis,14.87,1.47,3.47,0.36,0.2,1.07,0.16,0.53,0.67,0.22,0.73,2.87,3.6,1.4,0.27,0.73,0.6,1.6,3.67,3.67,F,2.03,110.25,Germany,undrafted,undrafted,West,Southwest,New Orleans Pelicans,Prospects and Bench Players
Dario Šarić,13.61,1.2,4.0,0.22,0.5,1.9,0.11,0.5,0.6,0.25,0.9,2.6,3.5,1.1,0.6,0.0,1.1,1.4,3.4,2.16,F,2.08,101.25,Croatia,2014,12,West,Northwest,Denver Nuggets,Prospects and Bench Players
Darius Garland,30.55,7.58,15.32,0.5,3.0,6.79,0.42,2.53,2.68,0.64,0.58,1.84,2.42,6.84,1.16,0.26,2.47,2.47,20.68,16.56,G,1.85,86.4,USA,2019,5,East,Central,Cleveland Cavaliers,Superstars
David Roddy,15.41,2.08,3.62,0.57,0.77,1.77,0.42,0.85,1.0,0.26,0.31,2.69,3.0,1.46,0.46,0.15,1.0,0.85,5.77,5.28,F,1.93,114.75,USA,2022,23,East,Southeast,Atlanta Hawks,Role Players
Davion Mitchell,27.85,2.7,6.75,0.35,0.9,3.15,0.24,0.8,1.2,0.35,0.5,1.8,2.3,5.45,0.9,0.2,2.2,2.75,7.1,5.74,G,1.83,90.9,USA,2021,9,East,Atlantic,Toronto Raptors,Role Players
De'Aaron Fox,37.79,10.05,20.15,0.49,2.1,6.2,0.37,5.5,6.85,0.83,0.9,4.05,4.95,5.75,1.6,0.1,3.7,2.7,27.7,19.84,G,1.9,83.25,USA,2017,5,West,Pacific,Sacramento Kings,Superstars
De'Andre Hunter,27.31,5.9,12.4,0.47,2.3,5.7,0.38,4.1,4.6,0.91,0.6,3.7,4.3,1.3,0.7,0.2,1.4,2.6,18.2,12.52,F,2.03,99.45,USA,2019,4,East,Southeast,Atlanta Hawks,Superstars
De'Anthony Melton,20.17,3.67,9.0,0.38,2.17,5.83,0.34,0.83,1.33,0.19,1.0,2.33,3.33,2.83,1.17,0.33,1.67,3.0,10.33,7.22,G,1.9,90.0,USA,2018,46,West,Pacific,Golden State Warriors,Role Players
DeAndre Jordan,9.81,1.25,2.25,0.51,0.0,0.0,0.0,0.12,0.5,0.06,1.25,2.0,3.25,0.5,0.25,0.25,0.88,1.38,2.62,2.22,C,2.11,119.25,USA,2008,35,West,Northwest,Denver Nuggets,Prospects and Bench Players
DeMar DeRozan,36.35,8.53,16.8,0.51,0.67,2.27,0.33,4.87,5.93,0.77,0.53,3.6,4.13,4.13,1.47,0.6,1.87,1.53,22.6,17.58,G,1.98,99.0,USA,2009,9,West,Pacific,Sacramento Kings,Superstars
Dean Wade,21.95,1.85,4.69,0.4,1.38,3.92,0.39,0.38,0.92,0.17,0.62,3.54,4.15,1.54,1.0,0.38,0.31,1.69,5.46,5.55,F,2.06,102.6,USA,undrafted,undrafted,East,Central,Cleveland Cavaliers,Role Players
Deandre Ayton,30.51,6.62,12.31,0.54,0.38,1.15,0.26,0.85,1.23,0.28,3.0,7.54,10.54,1.15,0.92,0.69,1.62,1.92,14.46,12.53,C,2.13,113.4,Bahamas,2018,1,West,Northwest,Portland Trail Blazers,All-Stars
Dejounte Murray,29.42,5.0,16.33,0.3,1.67,5.0,0.28,4.67,5.33,0.84,0.33,5.67,6.0,6.0,1.33,0.0,3.67,2.33,16.33,9.5,G,1.93,81.0,USA,2016,29,West,Southwest,New Orleans Pelicans,Superstars
Delon Wright,16.22,0.94,2.94,0.25,0.44,1.81,0.17,0.31,0.62,0.08,0.56,1.12,1.69,1.75,0.69,0.38,0.38,0.62,2.62,3.1,G,1.96,83.25,USA,2015,undrafted,East,Central,Milwaukee Bucks,Prospects and Bench Players
Deni Avdija,26.96,3.65,9.25,0.38,1.2,3.85,0.28,2.9,3.7,0.69,1.3,4.9,6.2,3.25,1.1,0.9,2.0,2.0,11.4,9.65,F,2.06,108.0,Israel,2020,9,West,Northwest,Portland Trail Blazers,All-Stars
Dennis Schröder,34.16,6.28,13.94,0.45,2.78,6.67,0.41,3.28,3.72,0.71,0.22,2.94,3.17,6.33,1.22,0.17,2.39,2.44,18.61,14.63,G,1.85,78.75,Germany,2013,17,East,Atlantic,Brooklyn Nets,Superstars
Dereck Lively,22.56,3.62,5.12,0.7,0.0,0.0,0.0,1.5,2.38,0.48,2.62,4.5,7.12,2.31,0.62,1.56,0.94,3.0,8.75,10.65,C,2.16,103.5,USA,2023,12,West,Southwest,Dallas Mavericks,All-Stars
Derrick Jones,25.49,3.95,7.9,0.51,1.24,2.95,0.45,1.14,1.33,0.49,1.38,2.14,3.52,0.95,1.33,0.19,1.14,2.38,10.29,7.9,F,1.98,94.5,USA,undrafted,undrafted,West,Pacific,LA Clippers,Role Players
Derrick White,34.32,6.37,13.37,0.49,3.79,9.05,0.43,1.79,2.11,0.62,1.21,3.53,4.74,4.42,0.79,1.05,1.42,2.37,18.32,15.54,G,1.93,85.5,USA,2017,29,East,Atlantic,Boston Celtics,Superstars
Desmond Bane,27.26,5.08,12.38,0.38,1.77,5.69,0.27,1.85,2.38,0.56,0.85,5.54,6.38,3.77,0.85,0.54,2.31,2.54,13.77,9.71,G,1.96,96.75,USA,2020,undrafted,West,Southwest,Memphis Grizzlies,Role Players
Devin Booker,36.79,8.0,18.05,0.43,2.63,7.63,0.32,6.11,6.84,0.86,1.21,2.32,3.53,6.63,1.0,0.42,2.11,2.16,24.74,19.52,G,1.98,92.7,USA,2015,13,West,Pacific,Phoenix Suns,Superstars
Devin Vassell,22.25,5.4,11.8,0.45,2.4,6.0,0.45,2.6,2.6,0.8,0.4,1.2,1.6,3.0,0.8,0.4,2.0,2.4,15.8,10.56,G,1.96,90.0,USA,2020,11,West,Southwest,San Antonio Spurs,Role Players
Dillon Brooks,30.92,4.55,11.15,0.39,2.05,5.45,0.36,1.25,1.5,0.49,1.25,2.15,3.4,1.45,0.6,0.25,0.9,3.05,12.4,7.5,F,1.98,101.25,Canada,2017,45,West,Southwest,Houston Rockets,Role Players
Dillon Jones,8.3,0.83,2.56,0.19,0.22,1.44,0.07,0.17,0.33,0.08,0.72,1.28,2.0,0.67,0.17,0.06,0.39,0.94,2.06,1.33,F,1.96,105.75,USA,2024,26,West,Northwest,Oklahoma City Thunder,Prospects and Bench Players
Domantas Sabonis,36.63,7.78,12.39,0.64,1.06,2.5,0.35,3.83,4.56,0.75,2.89,10.0,12.89,6.44,0.83,0.5,3.67,3.67,20.44,20.18,F,2.08,108.0,Lithuania,2016,11,West,Pacific,Sacramento Kings,Superstars
Dominick Barlow,5.36,0.0,0.5,0.0,0.0,0.0,0.0,0.5,1.0,0.25,0.0,0.0,0.0,0.0,0.0,0.0,0.0,0.5,0.5,-0.25,F,2.03,96.75,USA,undrafted,undrafted,East,Southeast,Atlanta Hawks,Prospects and Bench Players
Donovan Clingan,17.02,2.35,4.47,0.53,0.18,0.53,0.14,0.94,1.29,0.35,3.18,3.53,6.71,0.29,0.53,2.18,1.0,2.94,5.82,6.86,C,2.18,126.0,USA,2024,7,West,Northwest,Portland Trail Blazers,All-Stars
Donovan Mitchell,31.69,8.63,19.16,0.45,3.58,9.21,0.39,3.21,3.89,0.69,0.58,4.16,4.74,4.0,1.47,0.26,2.0,2.26,24.05,17.03,G,1.9,96.75,USA,2017,13,East,Central,Cleveland Cavaliers,Superstars
Donte DiVincenzo,25.61,3.05,8.63,0.35,2.21,6.79,0.32,0.63,0.84,0.34,0.32,2.63,2.95,3.32,1.21,0.26,1.84,1.79,8.95,6.21,G,1.93,91.35,USA,2018,17,West,Northwest,Minnesota Timberwolves,Role Players
Dorian Finney-Smith,29.01,3.8,8.13,0.47,2.33,5.53,0.42,0.73,1.2,0.19,1.8,2.47,4.27,1.8,0.93,0.53,1.07,3.07,10.67,8.58,F,2.01,99.0,USA,undrafted,undrafted,East,Atlantic,Brooklyn Nets,Role Players
Doug McDermott,8.82,0.94,2.94,0.22,0.75,2.44,0.24,0.19,0.31,0.07,0.0,0.81,0.81,0.19,0.12,0.06,0.06,0.94,2.81,1.19,F,1.98,101.25,USA,2014,11,West,Pacific,Sacramento Kings,Prospects and Bench Players
Draymond Green,28.52,2.89,6.68,0.42,1.53,3.79,0.42,1.53,2.53,0.44,0.95,5.26,6.21,6.0,1.0,1.05,2.26,3.26,8.84,9.53,F,1.98,103.5,USA,2012,35,West,Pacific,Golden State Warriors,Role Players
Drew Eubanks,13.82,1.81,3.31,0.54,0.06,0.19,0.06,0.62,1.19,0.34,1.31,2.75,4.06,1.19,0.25,0.56,0.94,1.31,4.31,4.25,F,2.08,110.25,USA,undrafted,undrafted,West,Northwest,Utah Jazz,Prospects and Bench Players
Drew Peterson,2.48,0.0,0.33,0.0,0.0,0.33,0.0,0.0,0.0,0.0,0.0,0.33,0.33,0.33,0.33,0.67,0.33,0.0,0.0,0.57,F,2.06,92.25,USA,undrafted,undrafted,East,Atlantic,Boston Celtics,Prospects and Bench Players
Dru Smith,10.48,1.2,2.6,0.36,0.4,1.0,0.1,0.0,0.0,0.0,0.4,2.2,2.6,1.0,0.6,0.8,0.6,0.8,2.8,3.34,G,1.88,91.35,USA,undrafted,undrafted,East,Southeast,Miami Heat,Prospects and Bench Players
Duncan Robinson,22.03,3.81,9.31,0.41,2.62,6.81,0.41,0.56,0.75,0.23,0.31,1.94,2.25,1.94,0.5,0.19,0.75,2.12,10.81,6.93,F,2.01,96.75,USA,undrafted,undrafted,East,Southeast,Miami Heat,Role Players
Duop Reath,4.71,0.45,1.64,0.18,0.27,1.18,0.18,0.0,0.0,0.0,0.45,0.27,0.73,0.18,0.0,0.18,0.09,0.55,1.18,0.56,C,2.06,110.25,South Sudan,undrafted,undrafted,West,Northwest,Portland Trail Blazers,Prospects and Bench Players
Dwight Powell,8.26,0.4,0.53,0.31,0.0,0.0,0.0,0.87,1.2,0.33,0.6,1.27,1.87,0.6,0.4,0.53,0.33,1.53,1.67,2.37,C,2.08,108.0,Canada,2014,45,West,Southwest,Dallas Mavericks,Prospects and Bench Players
Dyson Daniels,33.7,5.68,12.95,0.44,1.21,4.11,0.29,0.95,1.53,0.39,1.63,3.47,5.11,3.0,3.0,0.95,1.84,2.68,13.53,11.54,G,2.01,89.55,Australia,2022,8,East,Southeast,Atlanta Hawks,Role Players
E.J. Liddell,5.21,1.0,1.6,0.37,0.6,1.2,0.23,0.0,0.0,0.0,0.2,0.6,0.8,0.6,0.2,0.0,0.2,1.6,2.6,1.98,F,1.98,108.0,USA,2022,41,East,Central,Chicago Bulls,Prospects and Bench Players
Elfrid Payton,24.23,4.0,7.8,0.48,0.0,0.2,0.0,0.2,0.4,0.1,1.0,3.6,4.6,8.0,1.6,0.2,3.2,2.0,8.2,9.38,G,1.9,87.75,USA,2014,undrafted,West,Southwest,New Orleans Pelicans,Role Players
Enrique Freeman,8.77,0.64,1.45,0.34,0.09,0.45,0.05,0.45,0.82,0.27,0.27,0.64,0.91,0.55,0.18,0.09,0.27,1.27,1.82,1.14,F,2.01,92.7,USA,2024,undrafted,East,Central,Indiana Pacers,Prospects and Bench Players
Eric Gordon,16.49,1.56,4.81,0.28,0.62,2.62,0.19,1.06,1.38,0.36,0.19,0.75,0.94,1.31,0.62,0.31,0.81,0.81,4.81,2.92,G,1.9,96.75,USA,2008,7,East,Atlantic,Philadelphia 76ers,Prospects and Bench Players
Evan Mobley,31.1,7.05,12.63,0.56,0.63,1.95,0.3,3.42,4.11,0.83,2.37,6.89,9.26,2.74,1.05,1.53,2.11,2.11,18.16,16.68,C,2.11,96.75,USA,2021,3,East,Central,Cleveland Cavaliers,All-Stars
Franz Wagner,32.26,8.76,18.48,0.48,2.19,6.19,0.32,3.86,4.52,0.73,0.95,4.57,5.52,5.76,1.86,0.38,2.19,2.33,23.57,18.95,F,2.08,99.0,Germany,2021,8,East,Southeast,Orlando Magic,Superstars
Fred VanVleet,34.91,5.42,13.95,0.38,2.37,7.32,0.31,1.89,2.37,0.57,0.58,3.84,4.42,6.32,1.74,0.42,1.26,2.42,15.11,13.1,G,1.83,88.65,USA,undrafted,undrafted,West,Southwest,Houston Rockets,Superstars
Gabe Vincent,16.67,1.11,3.53,0.31,0.47,2.26,0.17,0.11,0.32,0.05,0.26,0.68,0.95,0.53,0.53,0.05,0.42,1.58,2.79,0.95,G,1.88,90.0,USA,undrafted,undrafted,West,Pacific,Los Angeles Lakers,Prospects and Bench Players
Garrett Temple,4.07,0.29,0.71,0.14,0.14,0.29,0.14,0.0,0.0,0.0,0.14,0.43,0.57,0.71,0.57,0.14,0.14,0.86,0.71,1.24,G,1.96,87.75,USA,undrafted,undrafted,East,Atlantic,Toronto Raptors,Prospects and Bench Players
Garrison Mathews,17.92,2.39,5.28,0.39,2.06,4.44,0.4,1.33,1.61,0.49,0.17,0.89,1.06,1.44,0.72,0.17,0.56,1.67,8.17,6.33,G,1.98,96.75,USA,undrafted,undrafted,East,Southeast,Atlanta Hawks,Role Players
Gary Harris,16.57,1.41,3.53,0.34,1.0,2.71,0.27,0.24,0.35,0.08,0.53,0.82,1.35,0.41,0.53,0.29,0.41,0.76,4.06,3.03,G,1.93,94.5,USA,2014,19,East,Southeast,Orlando Magic,Prospects and Bench Players
Georges Niang,20.02,3.1,7.25,0.45,1.6,4.9,0.32,0.25,0.35,0.15,0.6,3.0,3.6,1.2,0.4,0.2,1.0,2.25,8.05,4.97,F,2.01,103.5,USA,2016,undrafted,East,Central,Cleveland Cavaliers,Role Players
Giannis Antetokounmpo,35.18,13.18,21.65,0.62,0.18,0.82,0.08,6.41,10.47,0.54,2.12,9.82,11.94,6.65,0.53,1.41,3.29,2.71,32.94,27.66,F,2.11,109.35,Greece,2013,15,East,Central,Milwaukee Bucks,Superstars
Goga Bitadze,21.68,3.41,5.06,0.68,0.0,0.41,0.0,1.18,1.47,0.43,2.47,4.24,6.71,1.76,0.71,1.65,1.41,2.47,8.0,9.4,C,2.08,112.5,Georgia,2019,18,East,Southeast,Orlando Magic,All-Stars
Gradey Dick,32.95,6.06,14.53,0.41,2.35,6.88,0.34,3.65,4.0,0.82,0.65,2.41,3.06,2.24,0.88,0.29,1.82,2.24,18.12,11.34,G,1.98,90.0,USA,2023,13,East,Atlantic,Toronto Raptors,Superstars
Grant Williams,29.94,3.38,7.69,0.44,1.69,4.62,0.36,1.94,2.31,0.58,1.12,4.0,5.12,2.31,1.12,0.81,1.75,2.88,10.38,8.59,F,1.98,106.2,USA,2019,22,East,Southeast,Charlotte Hornets,Role Players
Grayson Allen,23.11,3.33,8.47,0.38,2.27,6.4,0.35,1.73,2.2,0.45,0.53,2.13,2.67,1.2,0.67,0.33,1.2,1.33,10.67,6.91,G,1.93,89.10000000000001,USA,2018,21,West,Pacific,Phoenix Suns,Role Players
Guerschon Yabusele,23.44,3.56,7.33,0.48,1.72,3.94,0.35,0.89,1.5,0.32,1.78,3.72,5.5,1.72,0.67,0.5,1.28,2.78,9.72,7.96,F,2.03,119.25,France,2016,16,East,Atlantic,Philadelphia 76ers,Role Players
Gui Santos,3.73,0.33,0.83,0.33,0.17,0.5,0.17,0.17,0.33,0.08,0.17,0.83,1.0,0.33,0.0,0.0,0.33,0.5,1.0,0.55,F,1.98,83.25,Brazil,2022,55,West,Pacific,Golden State Warriors,Prospects and Bench Players
Harrison Barnes,29.26,3.84,7.42,0.47,1.58,3.37,0.43,2.47,3.11,0.7,1.84,2.89,4.74,1.63,0.32,0.21,0.79,0.79,11.74,10.48,F,2.03,101.25,USA,2012,7,West,Southwest,San Antonio Spurs,Role Players
Harrison Ingram,6.75,0.0,1.0,0.0,0.0,0.0,0.0,0.0,0.0,0.0,0.0,1.0,1.0,0.0,0.0,0.0,0.0,1.0,0.0,-0.8,F,1.96,103.5,USA,2024,48,West,Southwest,San Antonio Spurs,Prospects and Bench Players
Herbert Jones,28.26,3.0,6.25,0.5,0.5,2.75,0.21,0.25,0.5,0.12,1.0,1.5,2.5,1.0,1.75,0.25,1.25,2.25,6.75,5.1,F,2.01,92.7,USA,2021,35,West,Southwest,New Orleans Pelicans,Role Players
Hunter Tyson,9.18,0.83,1.92,0.32,0.25,1.08,0.17,0.5,0.58,0.21,0.33,1.33,1.67,0.5,0.17,0.25,0.42,1.17,2.42,1.82,F,2.03,96.75,USA,2023,37,West,Northwest,Denver Nuggets,Prospects and Bench Players
Immanuel Quickley,22.52,5.33,14.0,0.38,2.0,5.33,0.38,2.67,3.0,0.92,0.33,1.67,2.0,4.0,0.67,0.0,1.33,2.33,15.33,9.47,G,1.88,85.5,USA,2020,25,East,Atlantic,Toronto Raptors,Role Players
Isaac Jones,7.55,1.4,2.2,0.41,0.0,0.2,0.0,0.3,0.6,0.13,0.5,0.9,1.4,0.1,0.0,0.2,0.4,1.0,3.1,2.03,F,2.06,110.25,USA,undrafted,undrafted,West,Pacific,Sacramento Kings,Prospects and Bench Players
Isaac Okoro,20.71,2.17,4.56,0.48,1.11,2.5,0.34,0.56,0.89,0.23,0.89,1.44,2.33,1.72,0.78,0.33,0.33,1.89,6.0,5.73,G,1.96,101.25,USA,2020,5,East,Central,Cleveland Cavaliers,Role Players
Isaiah Collier,17.73,1.33,4.25,0.36,0.25,1.75,0.12,0.5,1.17,0.19,0.08,1.58,1.67,3.25,0.83,0.17,2.33,1.75,3.42,1.43,G,1.9,94.5,USA,2024,29,West,Northwest,Utah Jazz,Prospects and Bench Players
Isaiah Hartenstein,31.93,5.75,10.25,0.57,0.0,0.0,0.0,2.25,3.25,0.73,3.0,11.0,14.0,3.75,0.25,1.75,2.5,3.25,13.75,14.18,C,2.13,112.5,Germany,2017,43,West,Northwest,Oklahoma City Thunder,All-Stars
Isaiah Jackson,16.78,2.8,4.6,0.74,0.0,0.0,0.0,1.4,2.8,0.3,2.2,3.4,5.6,1.0,0.6,1.6,1.0,2.8,7.0,7.2,F,2.06,92.25,USA,2021,22,East,Central,Indiana Pacers,All-Stars
Isaiah Joe,22.76,3.18,8.12,0.39,2.35,6.47,0.37,0.41,0.59,0.27,0.65,2.24,2.88,1.53,0.82,0.24,0.47,1.88,9.12,6.59,G,1.9,74.25,USA,2020,49,West,Northwest,Oklahoma City Thunder,Role Players
Isaiah Stewart,21.79,2.45,4.45,0.49,0.18,0.86,0.11,1.23,1.41,0.44,2.45,3.91,6.36,1.91,0.5,1.45,1.14,2.86,6.32,7.57,F,2.03,112.5,USA,2020,16,East,Central,Detroit Pistons,All-Stars
Ivica Zubac,32.58,7.05,11.33,0.62,0.0,0.0,0.0,1.62,2.95,0.43,4.1,8.48,12.57,2.33,0.62,1.05,2.14,2.24,15.71,15.42,C,2.13,108.0,Croatia,2016,32,West,Pacific,LA Clippers,All-Stars
JD Davison,4.83,0.33,1.33,0.11,0.0,0.67,0.0,0.33,0.67,0.17,0.0,0.33,0.33,0.33,0.33,0.0,1.33,0.33,1.0,-0.73,G,1.85,87.75,USA,2022,53,East,Atlantic,Boston Celtics,Prospects and Bench Players
JT Thor,7.18,2.5,2.5,1.0,1.0,1.0,0.5,1.0,1.0,0.5,0.0,1.0,1.0,0.0,1.0,1.0,1.0,1.0,7.0,6.85,F,2.06,91.35,USA,2021,37,East,Central,Cleveland Cavaliers,Role Players
Ja Morant,27.42,7.2,15.5,0.46,1.0,3.8,0.27,6.0,7.1,0.85,0.5,4.0,4.5,9.1,0.8,0.3,4.1,1.6,21.4,17.18,G,1.88,78.3,USA,2019,2,West,Southwest,Memphis Grizzlies,Superstars
Ja'Kobe Walter,16.98,2.0,6.33,0.25,0.5,3.0,0.12,0.5,1.0,0.17,1.0,3.17,4.17,1.67,0.5,0.33,0.67,1.67,5.0,3.38,G,1.96,81.0,USA,2024,19,East,Atlantic,Toronto Raptors,Role Players
Jabari Walker,9.8,1.2,3.07,0.29,0.13,0.87,0.1,0.53,0.6,0.2,0.93,1.93,2.87,0.6,0.27,0.07,0.53,1.07,3.07,2.38,F,2.01,106.65,USA,2022,57,West,Northwest,Portland Trail Blazers,Prospects and Bench Players
Jack McVeigh,3.57,0.5,1.83,0.21,0.33,1.33,0.17,0.0,0.0,0.0,0.17,0.5,0.67,0.17,0.0,0.17,0.17,0.17,1.33,0.52,F,2.03,96.75,Australia,undrafted,undrafted,West,Southwest,Houston Rockets,Prospects and Bench Players
Jacob Toppin,2.88,0.2,0.4,0.2,0.0,0.2,0.0,0.0,0.0,0.0,0.0,0.4,0.4,0.4,0.0,0.0,0.0,0.0,0.4,0.6,F,2.03,90.0,USA,undrafted,undrafted,East,Atlantic,New York Knicks,Prospects and Bench Players
Jaden Hardy,15.13,2.21,6.05,0.33,0.68,2.63,0.2,1.11,1.26,0.48,0.21,1.16,1.37,1.37,0.68,0.05,1.53,1.47,6.21,2.85,G,1.9,89.10000000000001,USA,2022,37,West,Southwest,Dallas Mavericks,Role Players
Jaden Ivey,30.92,6.57,14.52,0.45,1.95,5.1,0.37,3.33,4.57,0.69,1.38,2.95,4.33,4.33,0.95,0.43,3.05,2.62,18.43,12.44,G,1.93,87.75,USA,2022,5,East,Central,Detroit Pistons,Superstars
Jaden McDaniels,30.46,4.05,9.21,0.45,1.16,4.0,0.33,0.95,1.37,0.33,1.26,2.47,3.74,1.95,1.16,0.84,1.11,3.42,10.21,7.48,F,2.06,83.25,USA,2020,28,West,Northwest,Minnesota Timberwolves,Role Players
Jaden Springer,4.26,0.4,1.4,0.15,0.0,0.4,0.0,0.4,0.8,0.2,0.4,0.6,1.0,0.6,0.6,0.0,0.2,0.4,1.2,1.34,G,1.93,90.9,USA,2021,28,East,Atlantic,Boston Celtics,Prospects and Bench Players
Jae Crowder,24.02,2.5,5.0,0.5,1.5,4.0,0.38,2.5,3.0,0.42,1.0,2.0,3.0,0.0,1.0,0.0,1.0,3.0,9.0,6.4,F,1.98,105.75,USA,2012,34,East,Central,Milwaukee Bucks,Role Players
Jae'Sean Tate,4.85,0.88,1.5,0.4,0.0,0.12,0.0,0.5,0.88,0.27,0.38,1.88,2.25,0.5,0.38,0.0,0.75,0.88,2.25,1.85,F,1.93,103.5,USA,undrafted,undrafted,West,Southwest,Houston Rockets,Prospects and Bench Players
Jaime Jaquez,21.44,3.31,7.77,0.44,0.69,1.92,0.28,1.54,2.23,0.39,1.46,4.08,5.54,2.38,0.85,0.08,1.54,1.46,8.85,7.15,G,1.98,101.25,USA,2023,18,East,Southeast,Miami Heat,Role Players
Jake LaRavia,23.79,3.1,6.15,0.54,0.95,2.3,0.4,1.55,2.2,0.54,1.45,3.4,4.85,3.85,0.8,0.75,1.35,2.3,8.7,9.16,F,2.01,105.75,USA,2022,19,West,Southwest,Memphis Grizzlies,Role Players
Jakob Poeltl,32.33,6.9,11.6,0.55,0.0,0.05,0.0,2.1,3.3,0.47,4.3,7.6,11.9,2.4,1.05,1.3,2.3,3.7,15.9,15.21,C,2.13,117.0,Austria,2016,9,East,Atlantic,Toronto Raptors,All-Stars
Jalen Bridges,5.48,0.0,1.0,0.0,0.0,1.0,0.0,0.5,1.0,0.25,0.0,0.5,0.5,0.0,0.0,0.0,1.0,0.0,0.5,-1.25,F,2.03,101.25,USA,undrafted,undrafted,West,Pacific,Phoenix Suns,Prospects and Bench Players
Jalen Brunson,34.92,8.95,18.26,0.49,2.53,6.16,0.38,5.47,6.53,0.83,0.37,2.63,3.0,7.79,0.68,0.05,2.26,2.42,25.89,20.26,G,1.88,85.5,USA,2018,33,East,Atlantic,New York Knicks,Superstars
Jalen Duren,24.1,3.55,5.1,0.66,0.0,0.0,0.0,1.7,2.95,0.49,3.1,6.45,9.55,2.5,0.25,1.3,1.85,3.0,8.8,10.12,C,2.08,112.5,USA,2022,13,East,Central,Detroit Pistons,All-Stars
Jalen Green,32.11,6.6,16.75,0.39,2.55,8.05,0.29,3.6,4.15,0.79,0.55,4.25,4.8,2.65,1.0,0.3,2.5,1.8,19.35,11.55,G,1.93,83.7,USA,2021,2,West,Southwest,Houston Rockets,Superstars
Jalen Hood-Schifino,1.47,0.0,0.0,0.0,0.0,0.0,0.0,0.0,0.0,0.0,0.0,0.0,0.0,0.0,0.0,0.0,0.0,0.0,0.0,0.0,G,1.96,96.75,USA,2023,17,West,Pacific,Los Angeles Lakers,Prospects and Bench Players
Jalen Johnson,36.46,7.9,15.75,0.5,1.75,4.7,0.36,2.5,3.35,0.56,1.75,8.15,9.9,5.5,1.35,1.15,3.2,2.05,20.05,17.5,F,2.03,98.55,USA,2021,undrafted,East,Southeast,Atlanta Hawks,Superstars
Jalen Pickett,1.9,0.0,0.5,0.0,0.0,0.5,0.0,0.0,0.0,0.0,0.0,0.0,0.0,0.0,0.0,0.0,0.0,0.0,0.0,-0.35,G,1.88,90.9,USA,2023,32,West,Northwest,Denver Nuggets,Prospects and Bench Players
Jalen Smith,14.44,2.72,6.0,0.44,1.22,3.39,0.32,1.0,1.39,0.35,1.33,3.83,5.17,0.78,0.39,0.61,0.61,1.61,7.67,6.59,F,2.06,96.75,USA,2020,undrafted,East,Central,Chicago Bulls,Role Players
Jalen Suggs,29.18,5.25,12.55,0.42,2.2,6.85,0.31,2.7,2.9,0.65,0.6,3.65,4.25,3.9,1.3,1.1,2.65,2.55,15.4,11.28,G,1.96,92.25,USA,2021,5,East,Southeast,Orlando Magic,Superstars
Jalen Williams,31.75,8.47,16.42,0.52,2.05,5.16,0.35,2.47,3.11,0.72,0.95,5.37,6.32,5.16,2.16,0.95,2.32,2.89,21.47,18.35,G,1.96,94.95,USA,2022,12,West,Northwest,Oklahoma City Thunder,Superstars
Jalen Wilson,24.41,3.21,6.95,0.49,1.42,3.79,0.39,1.63,1.89,0.47,1.16,2.42,3.58,1.74,0.26,0.05,0.95,2.11,9.47,7.05,F,1.98,99.0,USA,2023,51,East,Atlantic,Brooklyn Nets,Role Players
Jamal Cain,15.24,1.58,3.67,0.36,0.75,2.0,0.26,0.75,1.17,0.35,0.92,2.0,2.92,0.75,0.42,0.42,0.58,1.5,4.67,3.86,F,1.98,85.95,USA,undrafted,undrafted,West,Southwest,New Orleans Pelicans,Prospects and Bench Players
Jamal Murray,35.64,6.43,15.5,0.41,2.07,6.36,0.29,3.14,4.0,0.78,0.57,3.86,4.43,6.14,1.43,0.5,1.93,1.79,18.07,14.44,G,1.93,96.75,Canada,2016,7,West,Northwest,Denver Nuggets,Superstars
Jamal Shead,14.97,1.9,5.05,0.31,0.55,1.9,0.22,0.45,0.6,0.23,0.1,0.85,0.95,3.15,0.5,0.1,1.35,1.95,4.8,2.94,G,1.85,90.0,USA,2024,45,East,Atlantic,Toronto Raptors,Prospects and Bench Players
James Harden,34.24,6.24,16.19,0.39,2.76,8.1,0.35,6.29,7.1,0.82,0.57,6.52,7.1,8.76,1.71,0.76,4.38,1.95,21.52,17.94,G,1.96,99.0,USA,2009,3,West,Pacific,LA Clippers,Superstars
James Johnson,3.46,0.67,1.33,0.5,0.0,0.33,0.0,0.0,0.0,0.0,0.0,0.67,0.67,0.67,0.0,0.33,1.0,0.0,1.33,0.57,F,2.01,108.0,USA,2009,16,East,Central,Indiana Pacers,Prospects and Bench Players
James Wiseman,4.63,2.0,4.0,0.5,0.0,1.0,0.0,2.0,2.0,1.0,0.0,1.0,1.0,0.0,0.0,0.0,0.0,0.0,6.0,4.3,C,2.11,108.0,USA,2020,2,East,Central,Indiana Pacers,Prospects and Bench Players
Jamison Battle,14.02,2.21,4.68,0.45,1.42,3.42,0.33,0.47,0.58,0.24,0.63,1.42,2.05,0.89,0.16,0.21,0.26,1.26,6.32,4.91,F,2.01,99.0,USA,undrafted,undrafted,East,Atlantic,Toronto Raptors,Prospects and Bench Players
Jarace Walker,17.4,1.9,4.55,0.42,0.95,2.5,0.3,0.7,1.15,0.28,0.55,2.85,3.4,1.55,1.35,0.35,1.5,1.55,5.45,4.65,F,2.01,105.75,USA,2023,8,East,Central,Indiana Pacers,Role Players
Jared Butler,7.79,1.54,3.31,0.49,0.08,0.46,0.08,1.15,1.62,0.55,0.15,0.46,0.62,2.23,0.46,0.15,0.54,1.0,4.31,3.86,G,1.9,86.85000000000001,USA,2021,undrafted,East,Southeast,Washington Wizards,Prospects and Bench Players
Jared McCain,25.2,5.56,12.39,0.43,2.22,6.11,0.28,2.67,2.94,0.65,0.56,1.94,2.5,2.56,0.56,0.0,1.39,1.39,16.0,10.81,G,1.9,87.75,USA,2024,16,East,Atlantic,Philadelphia 76ers,Role Players
Jared Rhoden,2.91,0.5,2.0,0.12,0.0,0.5,0.0,0.0,0.0,0.0,0.5,0.5,1.0,0.5,0.25,0.0,0.25,0.25,1.0,0.55,G,1.96,94.5,USA,undrafted,undrafted,East,Southeast,Charlotte Hornets,Prospects and Bench Players
Jarrett Allen,29.56,5.85,8.35,0.7,0.0,0.0,0.0,2.8,3.75,0.64,2.35,8.35,10.7,1.7,0.9,1.05,1.0,1.2,14.5,16.11,C,2.06,109.35,USA,2017,22,East,Central,Cleveland Cavaliers,All-Stars
Javonte Green,24.31,2.25,5.3,0.44,0.8,2.35,0.36,1.3,1.5,0.57,0.9,2.45,3.35,0.9,1.1,0.6,0.45,1.25,6.6,6.28,G,1.96,92.25,USA,undrafted,undrafted,West,Southwest,New Orleans Pelicans,Role Players
Jaxson Hayes,17.42,2.36,3.27,0.74,0.0,0.0,0.0,1.64,2.09,0.61,1.91,2.64,4.55,0.82,0.36,0.82,0.73,2.55,6.36,6.73,C,2.13,99.0,USA,2019,8,West,Pacific,Los Angeles Lakers,All-Stars
Jay Huff,15.38,3.35,6.2,0.53,1.7,3.85,0.38,1.2,1.65,0.47,0.55,1.9,2.45,0.85,0.3,1.45,0.6,1.4,9.6,8.12,C,2.16,108.0,USA,undrafted,undrafted,West,Southwest,Memphis Grizzlies,Role Players
Jaylen Brown,36.46,8.47,19.6,0.44,2.6,7.67,0.33,5.2,6.8,0.75,1.4,4.93,6.33,4.33,1.07,0.4,2.47,2.87,24.73,16.99,G,1.98,100.35,USA,2016,3,East,Atlantic,Boston Celtics,Superstars
Jaylen Martin,1.54,0.5,0.5,0.5,0.5,0.5,0.5,0.0,0.0,0.0,0.0,0.0,0.0,0.0,0.0,0.0,0.0,0.5,1.5,1.15,G,1.98,97.2,USA,undrafted,undrafted,East,Atlantic,Brooklyn Nets,Prospects and Bench Players
Jaylen Nowell,21.01,3.25,9.12,0.32,1.0,3.38,0.32,0.88,1.38,0.5,0.75,1.75,2.5,2.25,0.12,0.5,1.0,1.12,8.38,4.74,G,1.93,90.45,USA,2019,43,East,Southeast,Washington Wizards,Role Players
Jaylon Tyson,9.2,1.1,2.3,0.34,0.3,0.9,0.22,0.3,0.6,0.15,0.9,1.2,2.1,1.0,0.4,0.0,0.6,1.5,2.8,2.4,F,1.98,96.75,USA,2024,undrafted,East,Central,Cleveland Cavaliers,Prospects and Bench Players
Jayson Tatum,36.31,9.11,19.74,0.46,4.0,10.58,0.38,6.53,8.21,0.78,0.47,8.05,8.53,5.79,1.37,0.58,2.84,2.47,28.74,22.63,F,2.03,94.5,USA,2017,3,East,Atlantic,Boston Celtics,Superstars
Jazian Gortman,2.59,0.6,1.0,0.6,0.4,0.6,0.4,0.0,0.0,0.0,0.2,0.0,0.2,0.0,0.0,0.2,0.2,0.4,1.6,1.06,G,1.88,82.8,USA,undrafted,undrafted,West,Southwest,Dallas Mavericks,Prospects and Bench Players
Jeenathan Williams,3.34,1.0,1.33,0.56,0.33,0.67,0.33,0.0,0.0,0.0,0.0,1.0,1.0,0.0,0.33,0.0,0.0,0.0,2.33,2.43,G,1.96,92.25,USA,undrafted,undrafted,West,Southwest,Houston Rockets,Prospects and Bench Players
Jeff Dowtin,10.04,0.75,2.38,0.18,0.12,1.0,0.04,0.38,0.5,0.19,0.25,0.75,1.0,1.12,0.38,0.0,0.12,0.62,2.0,1.78,G,1.9,79.65,USA,undrafted,undrafted,East,Atlantic,Philadelphia 76ers,Prospects and Bench Players
Jeff Green,5.68,1.0,1.86,0.46,0.43,1.14,0.43,0.0,0.0,0.0,0.0,0.57,0.57,0.14,0.29,0.0,0.29,0.29,2.43,1.69,F,2.03,105.75,USA,2007,5,West,Southwest,Houston Rockets,Prospects and Bench Players
Jerami Grant,32.33,5.17,13.5,0.38,2.22,6.39,0.33,3.5,4.28,0.62,0.39,3.0,3.39,2.17,0.94,1.06,1.44,2.22,16.06,10.4,F,2.01,94.5,USA,2014,39,West,Northwest,Portland Trail Blazers,Superstars
Jeremiah Robinson-Earl,21.12,2.9,6.4,0.45,0.9,2.7,0.3,1.1,1.25,0.42,2.25,3.1,5.35,1.2,0.7,0.1,0.9,1.35,7.8,7.1,F,2.03,108.0,USA,2021,32,West,Southwest,New Orleans Pelicans,Role Players
Jeremy Sochan,29.33,6.29,12.29,0.54,0.43,1.71,0.18,2.43,3.57,0.51,2.43,5.29,7.71,3.0,1.0,0.43,2.29,3.0,15.43,12.09,F,2.03,103.5,Poland,2022,9,West,Southwest,San Antonio Spurs,All-Stars
Jericho Sims,13.26,0.84,1.21,0.48,0.0,0.0,0.0,0.11,0.26,0.08,1.37,2.37,3.74,0.58,0.26,0.47,0.42,1.58,1.79,2.83,F,2.08,112.5,USA,2021,58,East,Atlantic,New York Knicks,Prospects and Bench Players
Jett Howard,10.17,1.5,3.75,0.4,1.05,2.95,0.32,0.1,0.1,0.05,0.4,0.85,1.25,0.4,0.1,0.3,0.3,0.85,4.15,2.61,G,1.98,96.75,USA,2023,11,East,Southeast,Orlando Magic,Prospects and Bench Players
Jevon Carter,5.3,0.78,2.33,0.26,0.44,1.56,0.2,0.0,0.0,0.0,0.11,0.56,0.67,0.67,0.33,0.0,0.33,0.11,2.0,1.34,G,1.85,90.0,USA,2018,32,East,Central,Chicago Bulls,Prospects and Bench Players
Jimmy Butler,31.7,6.0,11.31,0.55,0.54,1.62,0.26,6.46,8.23,0.66,2.38,2.77,5.15,4.92,1.23,0.31,1.54,1.31,19.0,18.11,F,2.01,103.5,USA,2011,undrafted,East,Southeast,Miami Heat,Superstars
Jock Landale,11.11,1.5,3.36,0.4,0.21,0.43,0.21,0.71,1.36,0.23,1.43,1.86,3.29,1.0,0.21,0.43,0.5,1.0,3.93,3.79,C,2.11,114.75,Australia,undrafted,undrafted,West,Southwest,Houston Rockets,Prospects and Bench Players
Joe Ingles,3.73,0.0,0.29,0.0,0.0,0.29,0.0,0.0,0.0,0.0,0.29,0.0,0.29,1.29,0.0,0.0,0.14,0.71,0.0,0.47,F,2.03,99.0,Australia,undrafted,undrafted,West,Northwest,Minnesota Timberwolves,Prospects and Bench Players
Joel Embiid,31.36,5.5,14.5,0.36,0.75,4.5,0.18,8.0,8.0,0.75,1.25,6.25,7.5,3.5,0.5,1.0,3.25,2.75,19.75,13.85,C,2.13,126.0,Cameroon,2014,3,East,Atlantic,Philadelphia 76ers,Superstars
John Collins,28.71,6.83,12.78,0.54,1.0,2.83,0.3,3.11,3.28,0.98,2.67,6.17,8.83,2.5,1.33,0.78,2.61,3.11,17.78,14.99,F,2.06,101.7,USA,2017,19,West,Northwest,Utah Jazz,All-Stars
John Konchar,12.99,0.7,1.7,0.36,0.5,1.5,0.32,0.3,0.4,0.15,0.8,2.1,2.9,0.9,0.5,0.5,0.5,0.9,2.2,3.06,G,1.96,94.5,USA,undrafted,undrafted,West,Southwest,Memphis Grizzlies,Prospects and Bench Players
Johnny Davis,7.12,1.08,2.23,0.44,0.23,0.46,0.19,0.23,0.38,0.15,0.31,0.92,1.23,0.23,0.31,0.08,0.08,0.77,2.62,2.05,G,1.93,87.75,USA,2022,undrafted,East,Southeast,Washington Wizards,Prospects and Bench Players
Johnny Furphy,8.97,0.82,2.36,0.31,0.27,1.09,0.23,0.45,0.45,0.27,0.55,0.55,1.09,0.45,0.36,0.27,0.55,0.45,2.36,1.73,G,2.06,90.0,Australia,2024,35,East,Central,Indiana Pacers,Prospects and Bench Players
Johnny Juzang,15.8,1.67,4.73,0.27,1.13,3.47,0.24,0.67,0.67,0.2,0.6,1.67,2.27,0.93,0.4,0.27,0.47,1.87,5.13,3.43,G,1.96,94.05,USA,undrafted,undrafted,West,Northwest,Utah Jazz,Prospects and Bench Players
Jonas Valančiūnas,20.02,4.78,8.22,0.61,0.11,0.44,0.11,2.33,2.5,0.87,2.22,5.33,7.56,2.22,0.39,0.67,1.67,1.83,12.0,11.26,C,2.11,119.25,Lithuania,2011,5,East,Southeast,Washington Wizards,All-Stars
Jonathan Isaac,17.75,2.28,5.56,0.44,0.83,2.94,0.23,1.06,1.56,0.42,1.78,3.39,5.17,0.28,0.89,1.44,0.39,1.39,6.44,6.68,F,2.08,103.5,USA,2017,6,East,Southeast,Orlando Magic,All-Stars
Jonathan Kuminga,22.78,5.0,11.59,0.42,1.06,3.65,0.24,2.47,4.06,0.5,1.12,3.0,4.12,1.82,1.06,0.41,1.41,1.88,13.53,8.92,F,2.01,101.25,DRC,2021,7,West,Pacific,Golden State Warriors,Role Players
Jonathan Mogbo,15.7,1.9,3.9,0.45,0.2,0.6,0.12,1.2,1.65,0.38,2.3,1.85,4.15,1.45,0.8,0.4,0.8,1.95,5.2,5.73,F,2.06,101.25,USA,2024,31,East,Atlantic,Toronto Raptors,Role Players
Jordan Clarkson,25.98,5.23,13.38,0.37,1.69,6.15,0.23,2.85,3.54,0.67,0.77,3.08,3.85,3.85,0.85,0.08,2.0,1.46,15.0,9.92,G,1.9,87.3,USA,2014,46,West,Northwest,Utah Jazz,Role Players
Jordan Hawkins,27.45,4.27,11.45,0.33,2.0,6.0,0.3,2.55,2.82,0.72,0.45,3.36,3.82,1.27,0.27,0.36,1.27,1.09,13.09,7.71,G,1.96,85.5,USA,2023,14,West,Southwest,New Orleans Pelicans,Role Players
Jordan McLaughlin,8.86,0.75,2.0,0.19,0.38,1.19,0.21,0.62,0.75,0.22,0.19,0.88,1.06,1.0,0.44,0.0,0.44,0.62,2.5,2.19,G,1.83,83.25,USA,undrafted,undrafted,West,Pacific,Sacramento Kings,Prospects and Bench Players
Jordan Miller,13.3,2.4,5.4,0.34,0.4,1.4,0.17,1.6,2.1,0.49,0.8,1.1,1.9,1.0,0.5,0.1,1.1,1.1,6.8,4.4,G,1.96,87.3,USA,2023,48,West,Pacific,LA Clippers,Prospects and Bench Players
Jordan Poole,30.06,7.0,15.56,0.43,3.19,7.56,0.42,3.81,4.31,0.82,0.25,2.0,2.25,4.81,1.88,0.5,3.38,3.38,21.0,14.35,G,1.93,87.3,USA,2019,28,East,Southeast,Washington Wizards,Superstars
Jordan Walsh,8.62,0.57,1.71,0.25,0.36,1.36,0.19,0.0,0.07,0.0,0.29,0.64,0.93,0.21,0.29,0.43,0.14,0.71,1.5,1.2,G,1.98,92.25,USA,2023,38,East,Atlantic,Boston Celtics,Prospects and Bench Players
Jose Alvarado,25.6,3.64,9.18,0.34,2.18,5.45,0.32,1.27,1.55,0.32,0.55,1.64,2.18,4.45,1.55,0.27,1.27,2.36,10.73,9.15,G,1.83,80.55,USA,undrafted,undrafted,West,Southwest,New Orleans Pelicans,Role Players
Josh Giddey,26.89,4.33,9.9,0.44,1.24,3.43,0.37,1.81,2.52,0.52,1.29,4.71,6.0,6.67,0.76,0.43,2.38,1.62,11.71,11.24,G,2.03,97.2,Australia,2021,6,East,Central,Chicago Bulls,Role Players
Josh Green,26.53,2.72,6.06,0.4,1.61,3.28,0.41,0.44,0.72,0.25,0.89,1.56,2.44,1.61,0.72,0.28,0.78,2.83,7.5,5.46,G,1.96,90.0,Australia,2020,18,East,Southeast,Charlotte Hornets,Role Players
Josh Hart,37.38,5.42,9.16,0.61,1.26,3.42,0.38,1.84,2.16,0.6,1.79,6.68,8.47,5.63,1.32,0.37,1.89,2.42,13.95,15.49,G,1.93,96.75,USA,2017,undrafted,East,Atlantic,New York Knicks,Superstars
Josh Minott,6.17,0.57,1.14,0.21,0.0,0.57,0.0,0.14,0.29,0.07,0.0,0.57,0.57,0.14,0.0,0.29,0.43,1.14,1.29,0.24,F,2.03,92.25,USA,2022,45,West,Northwest,Minnesota Timberwolves,Prospects and Bench Players
Josh Okogie,15.8,3.1,5.8,0.49,1.0,1.9,0.43,1.3,2.0,0.31,1.4,2.1,3.5,0.6,0.9,0.1,0.9,1.2,8.5,7.02,G,1.93,95.85,Nigeria,2018,undrafted,West,Pacific,Phoenix Suns,Role Players
Josh Richardson,18.69,1.38,4.75,0.25,0.75,2.75,0.28,0.5,0.5,0.25,0.75,0.75,1.5,1.5,1.0,0.12,1.0,2.12,4.0,2.26,G,1.96,90.0,USA,2015,undrafted,East,Southeast,Miami Heat,Role Players
Jrue Holiday,31.0,4.33,9.44,0.45,1.78,5.17,0.33,1.67,1.83,0.53,1.0,3.28,4.28,3.89,0.72,0.33,1.56,1.39,12.11,10.42,G,1.93,92.25,USA,2009,17,East,Atlantic,Boston Celtics,Role Players
Julian Champagnie,29.3,4.05,9.37,0.42,2.37,6.68,0.33,1.11,1.26,0.33,0.84,4.26,5.11,1.68,0.89,0.63,1.16,1.47,11.58,9.22,F,2.01,97.65,USA,undrafted,undrafted,West,Southwest,San Antonio Spurs,Role Players
Julian Phillips,13.75,1.55,3.7,0.4,0.7,2.25,0.32,0.6,0.95,0.31,0.75,1.3,2.05,0.4,0.7,0.15,0.45,1.45,4.4,3.26,F,2.03,89.10000000000001,USA,2023,35,East,Central,Chicago Bulls,Prospects and Bench Players
Julian Strawther,20.75,2.82,6.59,0.43,1.35,3.41,0.38,1.53,1.94,0.56,0.29,1.82,2.12,1.24,0.82,0.41,0.88,2.82,8.53,5.6,G,1.98,92.25,USA,2023,29,West,Northwest,Denver Nuggets,Role Players
Julius Randle,34.27,7.26,14.47,0.5,1.58,4.68,0.31,5.05,6.26,0.84,1.79,5.11,6.89,4.11,0.74,0.05,2.89,2.58,21.16,15.95,F,2.06,112.5,USA,2014,7,West,Northwest,Minnesota Timberwolves,Superstars
Justin Champagnie,2.25,0.0,0.0,0.0,0.0,0.0,0.0,0.0,0.0,0.0,0.5,0.5,1.0,0.5,0.0,0.0,0.0,1.5,0.0,0.25,F,1.98,92.7,USA,undrafted,undrafted,East,Southeast,Washington Wizards,Prospects and Bench Players
Justin Edwards,4.5,1.0,1.5,0.33,0.0,0.5,0.0,0.0,0.5,0.0,0.0,1.0,1.0,0.5,0.0,0.0,0.0,0.0,2.0,1.8,F,2.01,91.35,USA,undrafted,undrafted,East,Atlantic,Philadelphia 76ers,Prospects and Bench Players
Justin Minaya,6.05,0.0,0.0,0.0,0.0,0.0,0.0,0.0,0.0,0.0,0.0,1.0,1.0,0.0,0.0,0.0,0.0,1.0,0.0,-0.1,F,1.96,92.25,USA,undrafted,undrafted,West,Northwest,Portland Trail Blazers,Prospects and Bench Players
Jusuf Nurkić,24.08,2.94,7.0,0.41,0.88,2.94,0.26,2.19,3.25,0.55,1.81,8.12,9.94,1.31,0.94,0.62,2.31,2.94,8.94,7.3,C,2.13,130.5,Bosnia and Herzegovina,2014,16,West,Pacific,Phoenix Suns,All-Stars
Kai Jones,8.11,1.0,1.38,0.47,0.0,0.0,0.0,0.31,0.46,0.12,0.77,1.15,1.92,0.31,0.08,0.62,0.38,0.85,2.31,2.56,C,2.11,99.45,Bahamas,2021,19,West,Pacific,LA Clippers,Prospects and Bench Players
Karl-Anthony Towns,33.84,9.33,17.28,0.53,2.44,5.22,0.5,4.72,5.56,0.87,2.94,9.72,12.67,3.28,0.83,0.78,2.17,3.39,25.83,22.27,C,2.13,111.6,USA,2015,1,East,Atlantic,New York Knicks,Superstars
Keaton Wallace,16.18,1.83,4.58,0.37,0.67,2.17,0.17,0.33,0.33,0.17,0.17,1.33,1.5,1.83,0.83,0.5,1.0,1.08,4.67,3.74,G,1.9,83.25,USA,undrafted,undrafted,East,Southeast,Atlanta Hawks,Prospects and Bench Players
Keegan Murray,36.68,4.8,11.6,0.4,1.6,5.75,0.26,1.2,1.45,0.44,2.5,5.35,7.85,1.7,0.7,0.7,1.1,3.1,12.4,9.5,F,2.03,101.25,USA,2022,4,West,Pacific,Sacramento Kings,All-Stars
Kel'el Ware,6.9,1.0,2.5,0.28,0.2,0.7,0.15,0.2,0.2,0.1,0.2,1.4,1.6,0.1,0.3,0.5,0.4,0.6,2.4,1.69,C,2.13,103.5,USA,2024,15,East,Southeast,Miami Heat,Prospects and Bench Players
Keldon Johnson,26.1,4.33,10.06,0.43,1.11,4.0,0.22,2.11,2.72,0.61,1.0,4.56,5.56,1.72,0.78,0.22,0.78,1.83,11.89,9.03,F,1.96,99.0,USA,2019,29,West,Southwest,San Antonio Spurs,Role Players
Kelly Oubre Jr.,30.81,5.0,11.61,0.44,1.11,4.39,0.24,1.61,2.11,0.57,1.56,3.5,5.06,1.33,1.11,0.56,1.39,3.22,12.72,8.29,F,2.03,91.35,USA,2015,15,East,Atlantic,Philadelphia 76ers,Role Players
Kenrich Williams,12.72,1.89,3.78,0.59,0.56,2.0,0.31,0.67,0.67,0.22,0.33,2.33,2.67,1.0,0.56,0.44,0.22,1.67,5.0,4.72,F,1.98,94.5,USA,undrafted,undrafted,West,Northwest,Oklahoma City Thunder,Role Players
Kentavious Caldwell-Pope,29.78,2.8,7.0,0.39,1.35,4.55,0.26,1.3,1.35,0.72,0.45,1.75,2.2,2.0,1.45,0.6,0.7,1.95,8.25,7.08,G,1.96,91.8,USA,2013,8,East,Southeast,Orlando Magic,Role Players
Keon Ellis,21.87,2.26,4.74,0.42,1.47,3.37,0.38,1.05,1.32,0.41,0.84,1.21,2.05,1.0,1.11,0.89,0.89,2.0,7.05,6.23,G,1.93,78.75,USA,undrafted,undrafted,West,Pacific,Sacramento Kings,Role Players
Keon Johnson,14.79,1.94,5.33,0.36,1.06,3.39,0.26,0.33,0.5,0.15,0.61,2.22,2.83,0.94,0.33,0.28,0.89,1.89,5.28,2.89,G,1.96,83.25,USA,2021,21,East,Atlantic,Brooklyn Nets,Role Players
Kessler Edwards,2.16,0.0,0.5,0.0,0.0,0.5,0.0,0.0,0.0,0.0,0.0,0.0,0.0,0.0,0.0,0.0,0.25,0.5,0.0,-0.8,F,2.01,91.35,USA,2021,44,West,Southwest,Dallas Mavericks,Prospects and Bench Players
Kevin Durant,37.29,9.58,18.0,0.53,2.75,6.33,0.45,4.92,6.08,0.81,0.25,6.67,6.92,3.17,0.58,1.58,3.33,1.83,26.83,19.62,F,2.11,108.0,USA,2007,2,West,Pacific,Phoenix Suns,Superstars
Kevin Huerter,25.85,3.44,8.44,0.34,1.56,5.61,0.21,0.44,0.72,0.19,0.28,3.11,3.39,2.06,1.06,0.56,1.06,2.33,8.89,6.27,G,2.01,89.10000000000001,USA,2018,19,West,Pacific,Sacramento Kings,Role Players
Kevin Love,12.64,2.38,6.5,0.34,1.62,3.88,0.4,0.38,0.62,0.25,0.88,4.75,5.62,1.0,1.5,0.12,0.75,0.5,6.75,6.42,F,2.03,112.95,USA,2008,5,East,Southeast,Miami Heat,Role Players
Kevon Looney,14.95,2.29,4.35,0.55,0.0,0.0,0.0,0.94,1.94,0.36,3.65,4.0,7.65,1.41,0.82,0.24,0.71,2.53,5.53,7.01,F,2.06,99.9,USA,2015,undrafted,West,Pacific,Golden State Warriors,All-Stars
Keyonte George,31.84,5.17,13.94,0.37,2.72,8.0,0.32,2.39,3.06,0.55,0.5,2.44,2.94,5.83,0.72,0.06,3.17,1.89,15.44,9.49,G,1.93,83.25,USA,2023,16,West,Northwest,Utah Jazz,Superstars
Klay Thompson,28.52,4.71,12.29,0.37,2.94,8.0,0.34,0.88,0.94,0.45,0.71,2.88,3.59,1.82,0.65,0.41,0.94,1.29,13.24,8.6,G,1.96,99.0,USA,2011,11,West,Southwest,Dallas Mavericks,Role Players
Kobe Brown,6.73,1.29,2.86,0.42,0.14,0.86,0.14,0.14,0.29,0.07,0.71,1.57,2.29,0.57,0.14,0.0,0.0,0.71,2.86,2.54,F,2.01,112.5,USA,2023,undrafted,West,Pacific,LA Clippers,Prospects and Bench Players
Kobe Bufkin,13.53,1.57,5.0,0.33,0.57,2.57,0.21,1.57,2.14,0.55,0.43,1.86,2.29,2.0,0.43,0.29,0.71,1.0,5.29,3.96,G,1.93,87.75,USA,2023,15,East,Southeast,Atlanta Hawks,Role Players
Kris Dunn,22.65,2.76,6.0,0.47,1.05,3.0,0.34,0.24,0.48,0.11,0.81,3.1,3.9,2.76,1.38,0.24,1.14,2.71,6.81,6.37,G,1.9,92.25,USA,2016,5,West,Pacific,LA Clippers,Role Players
Kris Murray,13.68,1.82,4.06,0.4,0.59,1.88,0.24,0.41,1.12,0.16,1.06,1.41,2.47,0.71,0.47,0.18,0.59,1.06,4.65,3.49,F,2.03,97.2,USA,2023,23,West,Northwest,Portland Trail Blazers,Prospects and Bench Players
Kristaps Porziņģis,23.9,6.5,11.5,0.57,1.5,5.5,0.28,4.0,5.5,0.73,0.5,6.5,7.0,1.5,0.5,1.0,0.5,1.5,18.5,15.9,C,2.18,108.0,Latvia,2015,4,East,Atlantic,Boston Celtics,All-Stars
Kyle Anderson,14.99,2.0,5.06,0.44,0.5,1.83,0.19,0.61,1.0,0.23,0.61,2.5,3.11,2.44,0.94,0.5,0.56,1.11,5.11,5.4,F,2.06,103.5,USA,2014,undrafted,West,Pacific,Golden State Warriors,Role Players
Kyle Filipowski,19.03,2.79,5.43,0.39,0.64,2.14,0.24,1.07,2.07,0.31,0.93,3.79,4.71,2.14,0.57,0.14,1.0,1.64,7.29,6.5,C,2.11,112.5,USA,2024,32,West,Northwest,Utah Jazz,Role Players
Kyle Kuzma,27.48,6.33,15.08,0.4,1.33,4.83,0.23,1.83,2.67,0.29,0.67,4.92,5.58,1.92,0.42,0.25,2.42,1.92,15.83,8.17,F,2.06,99.45,USA,2017,27,East,Southeast,Washington Wizards,Role Players
Kyle Lowry,24.21,1.85,4.85,0.37,1.31,3.69,0.33,1.15,1.46,0.37,0.46,1.77,2.23,3.38,1.23,0.38,0.85,1.85,6.15,6.52,G,1.83,88.2,USA,2006,24,East,Atlantic,Philadelphia 76ers,Role Players
Kyrie Irving,35.45,9.26,18.37,0.51,3.21,6.89,0.47,3.05,3.47,0.82,1.16,3.68,4.84,5.58,1.21,0.21,2.05,2.26,24.79,19.69,G,1.88,87.75,Australia,2011,1,West,Southwest,Dallas Mavericks,Superstars
Kyshawn George,27.0,2.78,8.17,0.3,1.33,5.28,0.2,1.06,1.44,0.34,0.67,3.33,4.0,2.67,0.72,0.67,1.06,3.28,7.94,5.34,F,2.03,90.0,Switzerland,2024,24,East,Southeast,Washington Wizards,Role Players
LaMelo Ball,34.1,10.72,24.94,0.42,4.67,13.11,0.35,4.94,5.83,0.76,0.94,4.44,5.39,6.94,1.11,0.22,4.5,4.06,31.06,19.53,G,2.01,81.0,USA,2020,3,East,Southeast,Charlotte Hornets,Superstars
Lauri Markkanen,31.85,6.07,13.33,0.47,2.6,6.67,0.39,4.73,5.53,0.72,1.73,4.8,6.53,2.13,0.73,0.13,1.4,1.8,19.47,15.09,F,2.13,108.0,Finland,2017,7,West,Northwest,Utah Jazz,Superstars
LeBron James,35.1,8.37,16.79,0.49,2.11,5.42,0.34,3.47,4.63,0.76,0.84,7.37,8.21,9.11,0.68,0.42,4.0,1.11,22.32,19.16,F,2.06,112.5,USA,2003,1,West,Pacific,Los Angeles Lakers,Superstars
Liam Robbins,4.53,0.5,0.75,0.38,0.0,0.25,0.0,0.25,1.0,0.12,0.5,0.25,0.75,0.0,0.0,0.0,0.0,0.75,1.25,0.75,C,2.13,112.5,USA,undrafted,undrafted,East,Central,Milwaukee Bucks,Prospects and Bench Players
Lonzo Ball,16.72,1.6,4.2,0.42,1.2,3.6,0.34,0.0,0.0,0.0,0.2,2.2,2.4,3.8,1.2,0.6,1.0,1.0,4.4,5.78,G,1.98,85.5,USA,2017,2,East,Central,Chicago Bulls,Role Players
Luguentz Dort,29.31,3.42,8.11,0.39,2.16,5.26,0.36,1.26,1.53,0.57,1.42,3.26,4.68,1.74,1.16,0.74,0.68,2.95,10.26,8.85,G,1.93,99.0,Canada,undrafted,undrafted,West,Northwest,Oklahoma City Thunder,Role Players
Luka Dončić,36.65,9.86,22.64,0.44,3.21,9.93,0.32,5.14,6.57,0.76,0.57,7.07,7.64,7.64,1.57,0.36,3.29,2.79,28.07,20.89,F,1.98,103.5,Slovenia,2018,3,West,Southwest,Dallas Mavericks,Superstars
Luka Garza,4.17,1.0,2.75,0.25,0.0,1.0,0.0,0.0,0.25,0.0,0.25,1.0,1.25,0.0,0.0,0.0,0.5,0.25,2.0,0.25,C,2.08,109.35,USA,2021,52,West,Northwest,Minnesota Timberwolves,Prospects and Bench Players
Luke Kennard,21.38,2.42,5.58,0.42,1.67,4.08,0.41,0.83,1.08,0.33,0.58,1.92,2.5,3.33,0.58,0.17,0.83,0.75,7.33,7.18,G,1.96,92.7,USA,2017,12,West,Southwest,Memphis Grizzlies,Role Players
Luke Kornet,17.23,1.64,2.5,0.46,0.0,0.0,0.0,1.14,1.29,0.25,2.0,2.07,4.07,1.64,0.57,0.71,0.43,1.43,4.43,6.52,C,2.16,112.5,USA,undrafted,undrafted,East,Atlantic,Boston Celtics,All-Stars
Luke Travers,7.98,0.6,1.4,0.27,0.0,0.6,0.0,0.4,0.4,0.2,0.2,1.0,1.2,1.0,0.2,0.2,0.4,0.6,1.6,1.7,F,2.01,93.15,Australia,2022,56,East,Central,Cleveland Cavaliers,Prospects and Bench Players
Mac McClung,4.88,0.0,0.0,0.0,0.0,0.0,0.0,0.0,0.0,0.0,0.0,1.0,1.0,2.0,0.0,0.0,0.0,0.0,0.0,1.7,G,1.88,83.25,USA,undrafted,undrafted,East,Southeast,Orlando Magic,Prospects and Bench Players
Malaki Branham,13.4,2.56,5.56,0.41,1.0,2.38,0.34,1.06,1.25,0.46,0.19,1.62,1.81,1.25,0.38,0.12,1.25,0.69,7.19,4.68,F,1.93,81.0,USA,2022,undrafted,West,Southwest,San Antonio Spurs,Role Players
Malcolm Brogdon,23.95,5.43,9.86,0.51,0.71,2.0,0.39,3.0,3.43,0.73,0.86,3.71,4.57,2.86,0.57,0.29,1.57,2.43,14.57,11.61,G,1.93,103.05,USA,2016,36,East,Southeast,Washington Wizards,Role Players
Malevy Leons,3.49,0.0,0.33,0.0,0.0,0.17,0.0,0.33,0.67,0.17,0.17,0.33,0.5,0.17,0.0,0.0,0.17,0.67,0.33,-0.13,F,2.06,94.5,Netherlands,undrafted,undrafted,West,Northwest,Oklahoma City Thunder,Prospects and Bench Players
Malik Beasley,28.84,5.64,12.91,0.44,3.59,9.0,0.4,1.0,1.41,0.36,0.68,2.32,3.0,2.0,0.73,0.05,1.18,1.45,15.86,10.49,G,1.93,84.15,USA,2016,19,East,Central,Detroit Pistons,Role Players
Malik Monk,26.7,5.46,11.77,0.45,1.92,5.38,0.29,2.23,2.77,0.63,0.08,3.15,3.23,3.77,0.85,0.54,1.23,2.15,15.08,11.58,G,1.9,90.0,USA,2017,11,West,Pacific,Sacramento Kings,Role Players
MarJon Beauchamp,3.22,0.55,1.45,0.27,0.18,0.73,0.14,0.36,0.36,0.18,0.18,0.64,0.82,0.09,0.09,0.0,0.64,0.27,1.64,0.56,F,2.01,89.55,USA,2022,24,East,Central,Milwaukee Bucks,Prospects and Bench Players
Marcus Sasser,13.26,2.57,4.71,0.47,0.79,1.86,0.3,0.43,0.43,0.21,0.36,0.71,1.07,1.57,0.71,0.14,0.71,0.79,6.36,5.44,G,1.88,87.75,USA,2023,25,East,Central,Detroit Pistons,Prospects and Bench Players
Marcus Smart,20.58,3.0,7.9,0.35,1.6,5.0,0.31,1.8,2.1,0.42,1.0,1.6,2.6,4.1,1.4,0.6,1.8,1.8,9.4,8.3,G,1.9,99.0,USA,2014,6,West,Southwest,Memphis Grizzlies,Role Players
Markieff Morris,4.78,0.5,3.0,0.1,0.0,1.0,0.0,0.0,0.0,0.0,0.0,2.0,2.0,1.0,0.0,0.0,0.0,0.0,1.0,0.4,F,2.06,110.25,USA,2011,13,West,Southwest,Dallas Mavericks,Prospects and Bench Players
Marvin Bagley III,5.63,1.42,2.83,0.48,0.0,0.42,0.0,0.67,0.92,0.25,1.0,1.25,2.25,0.25,0.17,0.08,0.58,0.08,3.5,2.84,F,2.08,105.75,USA,2018,2,East,Southeast,Washington Wizards,Prospects and Bench Players
Mason Jones,4.2,0.0,0.67,0.0,0.0,0.67,0.0,0.0,0.0,0.0,0.33,1.0,1.33,2.33,0.0,0.0,0.0,0.33,0.0,1.57,G,1.93,90.0,USA,undrafted,undrafted,West,Pacific,Sacramento Kings,Prospects and Bench Players
Mason Plumlee,16.78,1.78,3.17,0.54,0.0,0.0,0.0,1.0,1.78,0.32,1.5,4.11,5.61,1.67,0.28,0.44,0.94,1.94,4.56,5.06,C,2.08,114.3,USA,2013,22,West,Pacific,Phoenix Suns,All-Stars
Matas Buzelis,11.11,1.45,3.95,0.26,0.65,2.1,0.18,0.65,0.85,0.32,0.4,1.8,2.2,0.2,0.4,0.6,0.75,1.4,4.2,2.41,F,2.08,94.05,USA,2024,11,East,Central,Chicago Bulls,Prospects and Bench Players
Matt Ryan,4.99,0.2,1.4,0.1,0.2,1.0,0.1,0.0,0.0,0.0,0.0,0.0,0.0,0.0,0.0,0.0,0.2,0.0,0.6,-0.5,F,1.98,96.75,USA,undrafted,undrafted,West,Southwest,New Orleans Pelicans,Prospects and Bench Players
Max Christie,17.06,1.67,3.78,0.5,0.5,1.72,0.28,1.22,1.39,0.43,0.44,1.22,1.67,0.94,0.72,0.44,0.61,1.28,5.06,4.26,G,1.96,85.5,USA,2022,35,West,Pacific,Los Angeles Lakers,Role Players
Maxi Kleber,16.69,0.82,1.82,0.42,0.18,0.55,0.18,0.18,0.36,0.09,0.18,2.73,2.91,0.64,0.18,0.45,0.73,2.45,2.0,1.16,F,2.08,108.0,Germany,undrafted,undrafted,West,Southwest,Dallas Mavericks,Prospects and Bench Players
Maxwell Lewis,2.58,0.0,0.25,0.0,0.0,0.0,0.0,0.0,0.0,0.0,0.25,0.0,0.25,0.0,0.0,0.0,0.0,0.25,0.0,-0.1,F,2.01,87.75,USA,2023,undrafted,West,Pacific,Los Angeles Lakers,Prospects and Bench Players
Micah Potter,22.42,2.5,5.5,0.46,2.5,4.5,0.58,0.0,0.0,0.0,4.5,5.0,9.5,1.5,0.5,0.5,2.0,1.5,7.5,8.6,F,2.06,111.6,USA,undrafted,undrafted,West,Northwest,Utah Jazz,All-Stars
Michael Porter Jr.,35.98,7.29,14.76,0.49,2.71,6.71,0.38,1.29,1.94,0.57,1.71,5.53,7.24,2.88,0.82,0.35,1.12,2.35,18.59,14.79,F,2.08,98.1,USA,2018,14,West,Northwest,Denver Nuggets,Superstars
Mikal Bridges,38.09,6.53,14.37,0.45,2.0,6.53,0.29,0.42,0.68,0.14,1.11,2.63,3.74,3.26,1.05,0.53,1.53,1.32,15.47,11.14,F,1.98,94.05,USA,2018,undrafted,East,Atlantic,New York Knicks,Role Players
Mike Conley,26.02,2.47,7.47,0.34,1.87,5.2,0.38,1.67,1.87,0.49,0.53,2.4,2.93,4.6,1.73,0.2,1.4,1.73,8.47,8.24,G,1.83,78.75,USA,2007,4,West,Northwest,Minnesota Timberwolves,Role Players
Miles Bridges,30.11,5.64,13.27,0.42,2.18,6.27,0.35,2.55,3.0,0.65,0.73,5.82,6.55,3.0,0.64,0.45,1.36,1.36,16.0,12.18,F,2.01,101.25,USA,2018,12,East,Southeast,Charlotte Hornets,Superstars
Miles McBride,25.7,3.93,8.57,0.46,1.93,5.0,0.38,0.93,1.07,0.4,0.57,2.14,2.71,2.43,1.0,0.29,0.86,1.71,10.71,8.63,G,1.85,87.75,USA,2021,36,East,Atlantic,New York Knicks,Role Players
Mo Bamba,14.42,2.29,5.43,0.49,0.43,2.43,0.17,0.71,1.0,0.45,0.86,3.43,4.29,1.0,0.57,1.0,0.71,2.43,5.71,4.63,C,2.13,103.95,USA,2018,6,West,Pacific,LA Clippers,Role Players
Monte Morris,11.26,1.79,3.86,0.36,0.79,1.86,0.3,0.86,1.0,0.3,0.21,1.07,1.29,1.36,0.43,0.21,0.36,0.36,5.21,4.67,G,1.88,82.35000000000001,USA,2017,51,West,Pacific,Phoenix Suns,Prospects and Bench Players
Moritz Wagner,18.95,4.57,8.29,0.54,0.86,2.57,0.34,2.71,3.57,0.67,1.29,3.38,4.67,1.38,0.67,0.29,1.71,1.86,12.71,9.69,C,2.11,110.25,Germany,2018,25,East,Southeast,Orlando Magic,All-Stars
Moses Brown,6.55,2.17,3.33,0.43,0.0,0.0,0.0,0.5,0.83,0.1,0.67,1.5,2.17,0.0,0.33,0.17,0.83,1.0,4.83,3.37,C,2.18,116.1,USA,undrafted,undrafted,West,Northwest,Portland Trail Blazers,Prospects and Bench Players
Moses Moody,15.92,2.68,6.05,0.41,1.37,3.53,0.34,1.0,1.37,0.41,0.47,1.53,2.0,0.95,0.26,0.32,0.89,1.21,7.74,4.98,G,1.96,94.95,USA,2021,14,West,Pacific,Golden State Warriors,Role Players
Mouhamed Gueye,5.7,0.5,2.0,0.25,0.0,1.0,0.0,0.0,0.0,0.0,0.0,1.0,1.0,0.0,0.0,0.0,0.5,0.0,1.0,-0.4,F,2.08,94.5,Senegal,2023,39,East,Southeast,Atlanta Hawks,Prospects and Bench Players
Myles Turner,32.26,5.89,12.28,0.47,2.0,5.06,0.35,2.17,3.17,0.58,1.39,6.11,7.5,1.39,0.89,2.0,2.61,3.28,15.94,11.45,C,2.11,112.5,USA,2015,11,East,Central,Indiana Pacers,All-Stars
Naji Marshall,24.1,4.65,8.55,0.49,0.75,2.55,0.2,1.5,1.7,0.58,1.15,2.2,3.35,2.4,0.95,0.1,1.45,1.55,11.55,9.44,F,1.98,99.0,USA,undrafted,undrafted,West,Southwest,Dallas Mavericks,Role Players
Naz Reid,24.59,4.84,10.05,0.46,1.95,5.21,0.33,1.74,1.95,0.66,0.74,4.42,5.16,1.47,0.74,0.63,1.32,2.32,13.37,9.99,F,2.06,118.8,USA,undrafted,undrafted,West,Northwest,Minnesota Timberwolves,Role Players
Neemias Queta,18.46,2.71,4.24,0.48,0.0,0.12,0.0,1.0,1.29,0.37,1.94,3.24,5.18,0.82,0.24,0.94,0.71,2.0,6.41,6.71,C,2.13,111.6,Portugal,2021,39,East,Atlantic,Boston Celtics,All-Stars
Nic Claxton,24.6,3.79,5.79,0.62,0.0,0.0,0.0,0.93,2.0,0.29,1.86,5.79,7.64,2.57,0.5,1.29,1.0,2.5,8.5,9.77,C,2.11,96.75,USA,2019,31,East,Atlantic,Brooklyn Nets,All-Stars
Nick Richards,27.12,4.0,6.33,0.53,0.0,0.17,0.0,3.17,4.83,0.56,3.5,5.83,9.33,1.67,0.5,2.5,1.33,3.33,11.17,12.62,C,2.13,110.25,Jamaica,2020,42,East,Southeast,Charlotte Hornets,All-Stars
Nickeil Alexander-Walker,24.36,3.26,6.37,0.52,1.63,3.53,0.44,1.05,1.32,0.5,0.74,2.16,2.89,2.53,1.0,0.37,1.42,1.63,9.21,8.07,G,1.96,92.25,Canada,2019,17,West,Northwest,Minnesota Timberwolves,Role Players
Nicolas Batum,17.73,1.38,3.57,0.31,1.05,2.76,0.31,0.29,0.38,0.14,0.76,1.95,2.71,1.38,0.38,0.48,0.38,1.14,4.1,4.07,F,2.03,103.5,France,2008,25,West,Pacific,LA Clippers,Prospects and Bench Players
Nikola Jokić,37.34,11.07,19.5,0.57,2.21,4.14,0.56,5.36,6.43,0.82,4.21,8.93,13.14,10.64,1.5,0.86,3.64,1.79,29.71,30.89,C,2.11,127.8,Serbia,2014,41,West,Northwest,Denver Nuggets,Superstars
Nikola Jović,18.18,2.79,6.21,0.44,1.0,3.14,0.24,1.14,1.43,0.46,0.57,3.14,3.71,1.29,0.93,0.07,0.57,1.43,7.71,6.44,F,2.08,92.25,Serbia,2022,27,East,Southeast,Miami Heat,Role Players
Nikola Vučević,31.94,8.38,14.52,0.59,2.19,4.67,0.43,1.95,2.33,0.62,1.95,8.0,9.95,3.24,0.67,0.9,1.81,2.38,20.9,18.51,C,2.08,117.0,Montenegro,2011,16,East,Central,Chicago Bulls,Superstars
Noah Clowney,16.55,2.47,6.27,0.38,1.53,4.07,0.28,1.0,1.4,0.39,0.93,2.2,3.13,0.67,0.33,0.6,0.73,2.4,7.47,4.75,F,2.06,94.5,USA,2023,21,East,Atlantic,Brooklyn Nets,Role Players
Norman Powell,33.42,8.07,16.47,0.5,3.87,7.93,0.48,3.27,4.0,0.75,0.27,2.8,3.07,2.33,1.13,0.2,2.13,1.87,23.27,15.73,G,1.93,96.75,USA,2015,46,West,Pacific,LA Clippers,Superstars
OG Anunoby,36.73,6.68,13.53,0.47,2.26,6.0,0.37,2.26,2.68,0.74,1.16,4.11,5.26,2.0,1.32,0.74,1.26,2.63,17.89,13.89,F,2.01,108.0,United Kingdom,2017,23,East,Atlantic,New York Knicks,Superstars
Obi Toppin,19.91,3.58,6.84,0.52,0.95,3.05,0.28,0.84,0.95,0.23,0.74,2.37,3.11,1.68,0.53,0.37,0.63,1.16,8.95,7.64,F,2.06,99.0,USA,2020,8,East,Central,Indiana Pacers,Role Players
Ochai Agbaji,31.19,4.8,8.9,0.55,1.95,4.1,0.4,0.7,1.0,0.29,0.95,3.55,4.5,2.05,1.1,0.6,1.0,2.6,12.25,10.46,G,1.96,96.75,USA,2022,14,East,Atlantic,Toronto Raptors,Role Players
Olivier-Maxence Prosper,5.51,0.64,1.64,0.22,0.0,0.27,0.0,0.18,0.27,0.14,0.64,0.64,1.27,0.09,0.09,0.0,0.09,0.55,1.45,1.01,F,2.01,103.5,Canada,2023,24,West,Southwest,Dallas Mavericks,Prospects and Bench Players
Onyeka Okongwu,23.88,4.26,8.0,0.52,0.37,1.84,0.17,2.11,2.58,0.53,2.37,4.32,6.68,1.68,0.63,0.68,0.95,2.16,11.0,10.35,C,2.08,108.0,USA,2020,6,East,Southeast,Atlanta Hawks,All-Stars
Orlando Robinson,7.23,0.67,0.67,0.33,0.33,0.33,0.33,0.67,1.33,0.33,0.67,1.33,2.0,0.33,0.33,0.0,1.0,1.33,2.33,1.77,C,2.08,105.75,USA,undrafted,undrafted,West,Pacific,Sacramento Kings,Prospects and Bench Players
Oscar Tshiebwe,15.65,0.0,0.0,0.0,0.0,0.0,0.0,3.0,4.0,0.75,3.0,6.0,9.0,0.0,2.0,0.0,1.0,3.0,3.0,6.3,F,2.03,114.75,DRC,undrafted,undrafted,West,Northwest,Utah Jazz,All-Stars
Oso Ighodaro,16.26,1.93,3.07,0.56,0.0,0.0,0.0,0.64,0.79,0.32,1.14,3.0,4.14,0.79,0.36,0.43,0.71,1.86,4.5,4.51,F,2.13,105.75,USA,2024,undrafted,West,Pacific,Phoenix Suns,Prospects and Bench Players
Ousmane Dieng,11.6,1.25,3.69,0.33,0.56,2.25,0.26,0.44,0.69,0.2,0.56,2.06,2.62,0.81,0.69,0.25,0.25,1.12,3.5,3.06,F,2.06,83.25,France,2022,11,West,Northwest,Oklahoma City Thunder,Prospects and Bench Players
P.J. Washington,32.33,4.73,10.53,0.43,1.13,3.53,0.3,1.8,2.33,0.29,1.87,7.13,9.0,2.07,1.47,1.2,1.47,2.2,12.4,11.56,F,1.98,103.5,USA,2019,12,West,Southwest,Dallas Mavericks,All-Stars
PJ Dozier,3.68,0.25,0.5,0.25,0.25,0.5,0.25,0.25,0.5,0.12,0.25,0.5,0.75,0.5,0.25,0.0,0.0,0.5,1.0,1.38,F,1.98,92.25,USA,undrafted,undrafted,West,Northwest,Minnesota Timberwolves,Prospects and Bench Players
PJ Hall,2.0,0.25,0.75,0.12,0.0,0.5,0.0,0.0,0.0,0.0,0.0,0.0,0.0,0.0,0.0,0.0,0.0,0.25,0.5,-0.02,C,2.08,110.25,USA,undrafted,undrafted,West,Northwest,Denver Nuggets,Prospects and Bench Players
Pacome Dadiet,7.39,0.6,1.8,0.28,0.5,1.2,0.2,0.2,0.2,0.1,0.0,1.3,1.3,0.4,0.1,0.2,0.1,0.5,1.9,1.49,F,2.03,94.5,France,2024,25,East,Atlantic,New York Knicks,Prospects and Bench Players
Paolo Banchero,36.44,9.6,19.4,0.46,2.2,6.4,0.36,7.6,11.8,0.66,2.4,6.4,8.8,5.6,0.6,0.8,2.2,2.6,29.0,23.02,F,2.08,112.5,USA,2022,1,East,Southeast,Orlando Magic,Superstars
Pascal Siakam,34.34,8.15,14.95,0.55,1.85,4.35,0.43,2.8,3.5,0.76,1.8,4.8,6.6,3.85,0.85,0.2,1.4,2.9,20.95,17.29,F,2.03,110.25,Cameroon,2016,27,East,Central,Indiana Pacers,Superstars
Pat Connaughton,17.87,1.86,5.0,0.37,0.93,3.14,0.34,0.64,0.86,0.27,0.57,2.64,3.21,1.79,0.21,0.29,0.71,1.29,5.29,4.07,G,1.96,94.05,USA,2015,41,East,Central,Milwaukee Bucks,Role Players
Pat Spencer,5.51,0.8,1.8,0.21,0.0,0.0,0.0,0.4,0.4,0.2,0.6,0.4,1.0,1.4,0.2,0.0,0.4,0.6,2.0,2.14,G,1.9,92.25,USA,undrafted,undrafted,West,Pacific,Golden State Warriors,Prospects and Bench Players
Patrick Williams,28.87,3.33,8.87,0.38,1.87,4.73,0.39,1.4,1.67,0.57,1.07,3.93,5.0,2.33,1.0,0.53,1.93,1.4,9.93,7.39,F,2.01,96.75,USA,2020,4,East,Central,Chicago Bulls,Role Players
Patty Mills,15.28,1.22,3.44,0.25,0.78,2.67,0.21,0.33,0.33,0.11,0.11,0.78,0.89,1.44,0.67,0.22,0.89,0.89,3.56,2.53,G,1.88,81.0,Australia,2009,55,West,Northwest,Utah Jazz,Prospects and Bench Players
Paul George,28.65,5.0,13.22,0.38,1.78,6.22,0.28,2.67,3.33,0.72,0.89,4.78,5.67,4.78,2.11,0.22,3.11,2.44,14.44,10.5,F,2.03,99.0,USA,2010,undrafted,East,Atlantic,Philadelphia 76ers,Superstars
Paul Reed,10.16,1.8,3.2,0.45,0.3,0.8,0.23,0.9,1.1,0.4,0.7,1.5,2.2,0.5,0.7,0.5,0.8,1.9,4.8,3.98,F,2.06,94.5,USA,2020,58,East,Central,Detroit Pistons,Prospects and Bench Players
Payton Pritchard,27.36,5.21,10.74,0.46,3.68,8.37,0.42,1.47,1.68,0.53,0.95,1.84,2.79,2.84,1.11,0.05,0.95,1.74,15.58,12.77,G,1.85,87.75,USA,2020,26,East,Atlantic,Boston Celtics,Role Players
Pelle Larsson,16.3,2.25,4.17,0.58,0.67,1.83,0.27,0.83,1.5,0.28,0.67,1.0,1.67,1.25,0.5,0.0,0.5,2.25,6.0,4.46,G,1.96,96.75,Sweden,2024,44,East,Southeast,Miami Heat,Role Players
Peyton Watson,25.89,3.59,7.59,0.44,0.88,2.53,0.31,1.65,2.12,0.42,1.0,2.47,3.47,1.24,0.76,1.0,0.82,2.12,9.71,7.74,G,2.01,90.0,USA,2022,undrafted,West,Northwest,Denver Nuggets,Role Players
Quentin Grimes,19.57,2.78,5.89,0.41,1.39,3.39,0.28,0.89,1.5,0.31,0.67,2.94,3.61,1.39,0.5,0.22,0.83,1.72,7.83,6.03,G,1.93,94.5,USA,2021,25,West,Southwest,Dallas Mavericks,Role Players
Quenton Jackson,18.55,3.0,5.75,0.44,0.75,1.83,0.19,0.92,1.25,0.35,0.83,1.25,2.08,2.33,0.67,0.42,0.75,1.83,7.67,6.78,G,1.96,77.85000000000001,USA,undrafted,undrafted,East,Central,Indiana Pacers,Role Players
RJ Barrett,34.27,8.29,18.88,0.44,2.0,5.88,0.35,4.29,6.29,0.6,1.0,5.29,6.29,6.29,0.88,0.24,3.35,2.47,22.88,15.58,F,1.98,96.3,Canada,2019,3,East,Atlantic,Toronto Raptors,Superstars
Rayan Rupert,11.02,1.41,3.29,0.3,0.47,1.47,0.2,0.41,0.59,0.16,0.82,0.88,1.71,0.24,0.41,0.12,0.65,0.76,3.71,2.44,F,1.98,87.75,France,2023,43,West,Northwest,Portland Trail Blazers,Prospects and Bench Players
Reece Beekman,2.04,0.5,0.5,0.5,0.0,0.0,0.0,0.0,0.0,0.0,0.5,0.0,0.5,0.5,0.5,0.0,0.0,0.5,1.0,1.85,G,1.9,85.5,USA,undrafted,undrafted,West,Pacific,Golden State Warriors,Prospects and Bench Players
Reed Sheppard,11.87,1.45,3.95,0.35,0.75,2.1,0.3,0.0,0.0,0.0,0.35,0.75,1.1,1.45,0.55,0.3,0.7,0.95,3.65,2.63,G,1.88,83.25,USA,2024,3,West,Southwest,Houston Rockets,Prospects and Bench Players
Reggie Jackson,12.5,1.67,4.11,0.3,1.11,2.67,0.28,0.0,0.0,0.0,0.11,0.78,0.89,2.11,0.67,0.33,0.67,0.89,4.44,3.9,G,1.88,93.6,USA,2011,24,East,Atlantic,Philadelphia 76ers,Prospects and Bench Players
Richaun Holmes,3.9,1.5,3.0,0.3,0.0,0.5,0.0,0.0,0.0,0.0,0.5,0.5,1.0,0.0,0.0,0.0,0.0,0.5,3.0,1.8,F,2.06,105.75,USA,2015,37,East,Southeast,Washington Wizards,Prospects and Bench Players
Riley Minix,6.75,0.0,1.0,0.0,0.0,1.0,0.0,0.0,0.0,0.0,0.0,2.0,2.0,0.0,0.0,0.0,0.0,0.0,0.0,-0.1,F,2.01,103.5,USA,undrafted,undrafted,West,Southwest,San Antonio Spurs,Prospects and Bench Players
Rob Dillingham,8.38,1.64,3.27,0.33,0.55,1.09,0.22,0.0,0.0,0.0,0.09,0.73,0.82,1.45,0.0,0.0,1.09,0.36,3.82,2.25,G,1.9,78.75,USA,2024,8,West,Northwest,Minnesota Timberwolves,Prospects and Bench Players
Robert Williams III,18.76,3.86,5.43,0.65,0.14,0.29,0.14,1.71,1.86,0.64,2.14,3.86,6.0,1.43,1.14,1.86,1.0,1.0,9.57,11.96,F,2.06,112.05,USA,2018,27,West,Northwest,Portland Trail Blazers,All-Stars
Royce O'Neale,25.04,3.37,7.89,0.44,2.16,5.05,0.44,0.63,0.89,0.28,1.26,4.63,5.89,2.11,0.95,0.74,0.89,2.32,9.53,8.63,F,1.98,101.7,USA,undrafted,undrafted,West,Pacific,Phoenix Suns,Role Players
Rudy Gobert,34.4,3.84,6.0,0.65,0.0,0.0,0.0,2.68,3.42,0.71,3.42,7.74,11.16,1.95,0.42,1.58,1.68,2.95,10.37,12.15,C,2.16,116.1,France,2013,27,West,Northwest,Minnesota Timberwolves,All-Stars
Rui Hachimura,31.5,4.36,9.86,0.46,1.64,3.5,0.48,1.64,1.93,0.5,2.0,3.29,5.29,1.64,0.64,0.57,0.57,1.86,12.0,9.99,F,2.03,103.5,Japan,2019,9,West,Pacific,Los Angeles Lakers,Role Players
Russell Westbrook,24.66,4.0,10.24,0.37,1.41,3.76,0.35,2.76,4.06,0.52,0.88,3.18,4.06,5.94,1.47,0.59,2.59,2.41,12.18,10.15,G,1.93,90.0,USA,2008,4,West,Northwest,Denver Nuggets,Role Players
Ryan Dunn,18.15,2.44,5.94,0.41,1.22,3.89,0.29,0.06,0.33,0.03,0.67,1.94,2.61,0.83,0.5,0.56,0.56,2.56,6.17,3.82,F,2.03,97.2,USA,2024,28,West,Pacific,Phoenix Suns,Role Players
Ryan Rollins,7.58,1.11,2.56,0.33,0.67,1.22,0.17,0.33,0.44,0.17,0.33,0.89,1.22,1.0,0.78,0.44,0.78,0.89,3.22,2.99,G,1.9,81.0,USA,2022,44,East,Central,Milwaukee Bucks,Prospects and Bench Players
Sam Hauser,21.4,2.75,6.81,0.44,1.94,5.69,0.37,0.06,0.06,0.06,0.75,2.69,3.44,1.12,0.69,0.25,0.38,1.0,7.5,6.04,F,2.01,97.65,USA,undrafted,undrafted,East,Atlantic,Boston Celtics,Role Players
Sam Merrill,19.48,2.25,5.69,0.39,1.81,5.0,0.36,0.44,0.5,0.22,0.25,1.44,1.69,1.5,0.5,0.19,0.44,1.94,6.75,4.72,G,1.93,92.25,USA,2020,undrafted,East,Central,Cleveland Cavaliers,Role Players
Sandro Mamukelashvili,9.12,1.73,3.07,0.45,0.93,2.07,0.39,0.47,0.47,0.13,0.53,2.33,2.87,0.33,0.2,0.33,0.6,0.6,4.87,4.31,F,2.06,108.0,Georgia,2021,54,West,Southwest,San Antonio Spurs,Prospects and Bench Players
Santi Aldama,27.6,5.3,10.7,0.46,1.4,4.35,0.32,0.9,1.15,0.42,1.75,5.85,7.6,3.3,0.8,0.45,1.5,1.15,12.9,11.88,F,2.13,96.75,Spain,2021,undrafted,West,Southwest,Memphis Grizzlies,All-Stars
Scoot Henderson,26.51,4.31,10.38,0.42,1.0,3.12,0.34,2.06,2.75,0.49,0.69,2.19,2.88,5.44,0.94,0.12,3.06,2.56,11.69,7.76,G,1.9,92.7,USA,2023,3,West,Northwest,Portland Trail Blazers,Role Players
Scottie Barnes,33.57,7.33,16.89,0.44,1.44,5.56,0.23,4.33,6.0,0.68,2.56,6.0,8.56,6.78,1.56,0.67,3.33,2.0,20.44,17.11,F,2.01,106.65,USA,2021,4,East,Atlantic,Toronto Raptors,Superstars
Scotty Pippen Jr.,25.04,4.5,9.15,0.46,1.15,3.0,0.35,1.8,2.4,0.54,0.65,3.3,3.95,5.65,1.2,0.4,2.05,2.8,11.95,10.82,G,1.85,76.5,USA,undrafted,undrafted,West,Southwest,Memphis Grizzlies,Role Players
Seth Curry,12.87,1.63,3.68,0.37,0.79,1.89,0.26,0.26,0.37,0.12,0.47,0.89,1.37,0.42,0.47,0.11,0.32,1.05,4.32,3.05,G,1.85,83.25,USA,undrafted,undrafted,East,Southeast,Charlotte Hornets,Prospects and Bench Players
Shaedon Sharpe,30.19,6.25,14.58,0.42,1.75,6.25,0.26,3.42,4.33,0.59,0.83,2.25,3.08,2.25,0.83,0.25,1.83,1.75,17.67,10.9,G,1.96,93.6,Canada,2022,7,West,Northwest,Portland Trail Blazers,Superstars
Shai Gilgeous-Alexander,34.49,10.42,20.74,0.51,2.05,6.05,0.35,6.95,8.11,0.86,0.89,4.42,5.32,6.53,1.68,1.11,2.84,1.89,29.84,24.41,G,1.98,87.75,Canada,2018,11,West,Northwest,Oklahoma City Thunder,Superstars
Shake Milton,14.26,1.75,3.56,0.33,0.81,1.88,0.27,0.56,0.75,0.15,0.38,0.75,1.12,2.0,0.31,0.0,0.44,0.88,4.88,4.42,G,1.96,92.25,USA,2018,54,East,Atlantic,Brooklyn Nets,Prospects and Bench Players
Sidy Cissoko,2.91,0.25,0.62,0.08,0.12,0.25,0.12,0.0,0.25,0.0,0.25,0.5,0.75,0.62,0.0,0.0,0.12,0.5,0.62,0.62,G,1.98,90.0,France,2023,44,West,Southwest,San Antonio Spurs,Prospects and Bench Players
Simone Fontecchio,18.69,2.1,5.35,0.37,1.25,3.65,0.34,1.1,1.4,0.45,0.5,2.7,3.2,0.85,0.25,0.2,0.75,1.45,6.55,4.34,F,2.01,94.05,Italy,undrafted,undrafted,East,Central,Detroit Pistons,Role Players
Spencer Dinwiddie,20.16,2.06,5.44,0.28,1.17,3.44,0.31,1.39,1.67,0.41,0.17,1.5,1.67,3.06,0.61,0.22,0.61,1.56,6.67,5.81,G,1.96,96.75,USA,2014,38,West,Southwest,Dallas Mavericks,Role Players
Spencer Jones,1.9,0.0,0.5,0.0,0.0,0.5,0.0,0.0,0.0,0.0,0.0,0.5,0.5,0.0,1.0,0.0,0.0,0.0,0.0,0.8,F,2.01,101.25,USA,undrafted,undrafted,West,Northwest,Denver Nuggets,Prospects and Bench Players
Stanley Umude,3.13,0.2,0.6,0.2,0.2,0.6,0.2,0.0,0.4,0.0,0.0,0.6,0.6,0.2,0.0,0.2,0.0,0.0,0.6,0.56,G,1.98,94.5,USA,undrafted,undrafted,East,Central,Milwaukee Bucks,Prospects and Bench Players
Stephen Curry,29.89,7.47,16.0,0.47,4.2,9.67,0.44,3.33,3.53,0.89,0.47,5.0,5.47,6.33,1.47,0.53,3.33,1.27,22.47,18.43,G,1.88,83.25,USA,2009,7,West,Pacific,Golden State Warriors,Superstars
Stephon Castle,26.55,4.05,10.21,0.37,1.16,4.0,0.25,2.21,3.11,0.55,0.84,1.89,2.74,3.84,0.79,0.42,1.68,1.74,11.47,8.14,G,1.98,96.75,USA,2024,4,West,Southwest,San Antonio Spurs,Role Players
Steven Adams,11.4,0.89,1.67,0.36,0.0,0.0,0.0,0.67,1.56,0.2,1.33,1.44,2.78,1.22,0.33,0.11,1.67,1.44,2.44,1.67,C,2.11,119.25,New Zealand,2013,12,West,Southwest,Houston Rockets,Prospects and Bench Players
Svi Mykhailiuk,12.29,1.33,4.33,0.21,1.0,3.67,0.19,0.67,0.67,0.33,0.0,0.33,0.33,1.0,0.67,0.0,1.33,0.67,4.33,1.7,G,2.01,92.25,Ukraine,2018,47,West,Northwest,Utah Jazz,Prospects and Bench Players
T.J. McConnell,18.84,4.63,8.37,0.54,0.05,0.26,0.05,0.47,0.68,0.18,0.58,2.05,2.63,4.0,1.37,0.26,1.58,1.0,9.79,9.09,G,1.85,85.5,USA,2015,undrafted,East,Central,Indiana Pacers,Role Players
Taj Gibson,11.41,1.27,2.64,0.46,0.09,0.18,0.05,0.18,0.27,0.14,1.73,1.91,3.64,0.36,0.36,0.27,0.82,1.55,2.82,2.6,F,2.06,104.4,USA,2009,26,East,Southeast,Charlotte Hornets,Prospects and Bench Players
Talen Horton-Tucker,10.48,2.53,4.33,0.36,0.93,1.73,0.32,1.13,1.6,0.35,0.47,1.27,1.73,1.47,0.07,0.27,0.4,0.67,7.13,6.25,G,1.93,105.3,USA,2019,46,East,Central,Chicago Bulls,Prospects and Bench Players
Tari Eason,22.75,4.55,9.15,0.46,0.9,2.8,0.26,1.35,1.75,0.49,2.05,4.2,6.25,1.1,2.05,1.1,0.85,2.45,11.35,11.06,F,2.03,96.75,USA,2022,17,West,Southwest,Houston Rockets,All-Stars
Taurean Prince,28.82,3.11,6.21,0.5,2.05,3.79,0.57,0.47,0.58,0.26,0.74,3.89,4.63,1.84,0.89,0.16,1.16,2.26,8.74,7.51,F,1.98,98.1,USA,2016,12,East,Central,Milwaukee Bucks,Role Players
Taylor Hendricks,24.84,1.33,6.0,0.19,1.0,4.0,0.2,1.0,1.33,0.5,1.67,3.33,5.0,0.67,1.67,1.33,0.67,2.67,4.67,4.37,F,2.06,96.75,USA,2023,9,West,Northwest,Utah Jazz,Role Players
Taze Moore,9.93,1.0,5.0,0.31,0.5,2.0,0.12,0.5,1.0,0.25,2.0,2.0,4.0,0.5,1.0,0.0,1.0,0.0,3.0,2.05,G,1.96,87.75,USA,undrafted,undrafted,West,Northwest,Portland Trail Blazers,Prospects and Bench Players
Terance Mann,21.22,2.29,5.57,0.38,0.62,2.05,0.25,0.71,1.05,0.22,1.05,2.19,3.24,1.86,1.05,0.19,0.52,2.14,5.9,5.28,G,1.96,96.75,USA,2019,48,West,Pacific,LA Clippers,Role Players
Terry Rozier,30.09,4.47,11.07,0.42,2.13,5.87,0.35,1.67,1.93,0.77,0.67,3.13,3.8,3.27,0.67,0.4,1.8,1.67,12.73,8.84,G,1.85,85.5,USA,2015,16,East,Southeast,Miami Heat,Role Players
Thomas Bryant,12.69,1.43,3.0,0.46,0.57,1.57,0.27,0.71,0.71,0.43,0.86,2.71,3.57,0.57,0.14,0.71,0.14,1.0,4.14,4.53,C,2.08,111.6,USA,2017,42,East,Southeast,Miami Heat,Prospects and Bench Players
Tobias Harris,32.54,5.19,11.81,0.44,1.33,4.29,0.28,1.71,2.14,0.62,1.0,6.05,7.05,2.43,0.71,0.9,1.33,2.05,13.43,10.48,F,2.03,101.7,USA,2011,19,East,Central,Detroit Pistons,All-Stars
Torrey Craig,11.1,1.83,3.67,0.24,1.17,3.0,0.2,0.33,0.33,0.17,0.5,1.67,2.17,0.5,0.17,0.17,0.0,1.67,5.17,4.15,F,1.96,99.45,USA,undrafted,undrafted,East,Central,Chicago Bulls,Prospects and Bench Players
Toumani Camara,30.79,3.35,8.2,0.42,1.5,4.1,0.36,0.85,1.25,0.31,2.3,2.85,5.15,2.2,1.6,0.4,1.7,3.1,9.05,7.44,F,2.01,103.05,Belgium,2023,52,West,Northwest,Portland Trail Blazers,Role Players
Trae Young,35.73,6.4,16.35,0.38,2.7,8.25,0.31,5.85,6.55,0.81,0.65,3.0,3.65,12.05,1.3,0.15,4.75,2.1,21.35,17.79,G,1.85,73.8,USA,2018,5,East,Southeast,Atlanta Hawks,Superstars
Trayce Jackson-Davis,16.77,3.58,5.95,0.63,0.0,0.05,0.0,0.79,1.37,0.28,1.63,3.47,5.11,2.05,0.26,0.68,0.84,1.26,7.95,8.0,F,2.06,110.25,USA,2023,57,West,Pacific,Golden State Warriors,All-Stars
Tre Jones,18.01,1.14,4.0,0.27,0.29,1.57,0.12,1.14,1.71,0.2,0.71,1.86,2.57,3.57,0.43,0.0,0.71,1.57,3.71,3.79,G,1.85,83.25,USA,2020,41,West,Southwest,San Antonio Spurs,Prospects and Bench Players
Tre Mann,24.54,5.38,12.38,0.42,1.85,4.62,0.35,1.46,1.62,0.62,0.92,2.0,2.92,3.0,0.54,0.31,1.92,1.85,14.08,8.94,G,1.9,80.10000000000001,USA,2021,18,East,Southeast,Charlotte Hornets,Role Players
Trendon Watford,17.51,3.29,7.14,0.44,0.57,2.43,0.14,1.71,2.0,0.61,0.29,2.86,3.14,1.57,0.43,0.57,1.57,2.43,8.86,5.5,F,2.03,106.65,USA,undrafted,undrafted,East,Atlantic,Brooklyn Nets,Role Players
Trevelin Queen,2.51,0.5,1.5,0.17,0.5,0.5,0.5,0.0,0.0,0.0,0.0,0.0,0.0,0.0,0.0,0.0,0.5,0.5,1.5,-0.05,G,1.96,85.5,USA,undrafted,undrafted,East,Southeast,Orlando Magic,Prospects and Bench Players
Trey Alexander,5.18,0.25,1.25,0.1,0.12,0.75,0.06,0.25,0.25,0.12,0.0,0.12,0.12,0.25,0.0,0.12,0.12,0.38,0.88,0.12,G,1.93,83.25,USA,undrafted,undrafted,West,Northwest,Denver Nuggets,Prospects and Bench Players
Trey Jemison,10.9,1.17,2.17,0.55,0.0,0.0,0.0,0.5,0.92,0.21,1.33,1.5,2.83,0.67,0.5,0.42,0.83,1.83,2.83,2.69,C,2.08,117.0,USA,undrafted,undrafted,West,Southwest,New Orleans Pelicans,Prospects and Bench Players
Trey Lyles,19.62,1.83,5.06,0.34,1.22,3.67,0.26,0.56,0.78,0.24,0.83,3.11,3.94,0.94,0.56,0.61,0.56,1.39,5.44,4.6,F,2.06,105.3,Canada,2015,12,West,Pacific,Sacramento Kings,Role Players
Trey Murphy III,32.36,6.57,16.14,0.4,2.43,8.14,0.3,3.14,3.86,0.83,1.0,4.57,5.57,2.0,0.71,0.71,1.57,1.71,18.71,12.19,F,2.03,92.7,USA,2021,17,West,Southwest,New Orleans Pelicans,Superstars
Tristan Da Silva,24.32,2.94,7.18,0.4,1.29,3.65,0.37,0.65,0.82,0.36,0.82,2.88,3.71,1.71,0.41,0.18,0.41,1.53,7.82,6.05,F,2.03,97.65,Germany,2024,18,East,Southeast,Orlando Magic,Role Players
Tristan Thompson,7.44,1.43,2.14,0.58,0.0,0.0,0.0,0.0,0.86,0.0,0.29,1.71,2.0,0.43,0.0,0.29,0.43,0.86,2.86,2.03,F,2.06,114.3,Canada,2011,4,East,Central,Cleveland Cavaliers,Prospects and Bench Players
Tristen Newton,1.82,0.33,1.67,0.17,0.0,0.67,0.0,0.33,0.33,0.33,0.0,0.0,0.0,0.0,0.0,0.0,0.33,0.67,1.0,-0.63,G,1.96,85.5,USA,2024,49,East,Central,Indiana Pacers,Prospects and Bench Players
Ty Jerome,19.19,4.45,7.7,0.58,1.65,3.15,0.44,1.5,1.7,0.56,0.45,1.6,2.05,3.75,1.45,0.05,1.35,1.55,12.05,11.3,G,1.96,87.75,USA,2019,24,East,Central,Cleveland Cavaliers,Role Players
Tyler Herro,35.04,8.18,17.59,0.47,4.06,9.82,0.41,3.18,3.71,0.81,0.29,5.0,5.29,5.06,0.71,0.12,2.53,1.71,23.59,17.16,G,1.96,87.75,USA,2019,13,East,Southeast,Miami Heat,Superstars
Tyler Kolek,7.91,1.17,2.42,0.49,0.75,1.5,0.4,0.33,0.33,0.08,0.17,0.67,0.83,0.75,0.42,0.08,0.58,0.67,3.42,2.66,G,1.9,87.75,USA,2024,34,East,Atlantic,New York Knicks,Prospects and Bench Players
Tyler Smith,3.24,0.89,1.33,0.39,0.33,0.78,0.22,0.11,0.22,0.06,0.11,0.56,0.67,0.0,0.0,0.22,0.22,0.44,2.22,1.6,F,2.06,100.8,USA,2024,33,East,Central,Milwaukee Bucks,Prospects and Bench Players
Tyrese Haliburton,34.76,5.95,14.55,0.38,2.95,8.65,0.32,2.65,3.1,0.77,0.8,2.65,3.45,8.65,1.3,0.5,1.85,1.8,17.5,16.0,G,1.96,83.25,USA,2020,12,East,Central,Indiana Pacers,Superstars
Tyrese Martin,13.04,2.43,4.43,0.4,2.0,3.57,0.41,0.29,0.43,0.1,0.29,1.71,2.0,0.86,0.14,0.14,0.57,1.29,7.14,5.43,G,1.98,96.75,USA,2022,51,East,Atlantic,Brooklyn Nets,Role Players
Tyrese Maxey,36.16,9.25,22.17,0.42,3.25,9.75,0.33,4.17,4.92,0.87,0.17,3.0,3.17,4.5,2.0,0.33,1.83,2.67,25.92,17.3,G,1.88,90.0,USA,2020,21,East,Atlantic,Philadelphia 76ers,Superstars
Tyus Jones,32.45,4.47,9.53,0.47,2.05,5.21,0.38,0.47,0.63,0.24,0.68,2.05,2.74,7.21,1.11,0.11,1.11,1.0,11.47,12.35,G,1.85,88.2,USA,2015,24,West,Pacific,Phoenix Suns,Role Players
Ulrich Chomche,4.5,1.0,1.0,1.0,0.0,0.0,0.0,0.0,0.0,0.0,0.0,1.0,1.0,0.0,0.0,0.0,0.0,0.0,2.0,2.0,C,2.11,105.75,Cameroon,2024,57,East,Atlantic,Toronto Raptors,Prospects and Bench Players
Vasilije Micić,17.81,2.11,6.78,0.28,0.89,3.0,0.2,0.44,0.67,0.17,0.89,2.11,3.0,2.22,0.44,0.0,1.33,1.11,5.56,3.04,G,1.9,84.60000000000001,Serbia,2014,52,East,Southeast,Charlotte Hornets,Role Players
Victor Wembanyama,32.14,8.69,18.31,0.45,3.12,9.25,0.3,2.88,3.31,0.78,2.06,7.94,10.0,3.12,1.31,3.56,3.5,1.94,23.38,19.4,C,2.21,105.75,France,2023,1,West,Southwest,San Antonio Spurs,Superstars
Vit Krejci,10.85,1.0,2.44,0.28,0.44,1.22,0.17,0.44,0.78,0.22,0.33,0.78,1.11,1.11,0.44,0.22,0.56,1.67,2.89,2.07,G,2.03,87.75,Czech Republic,2020,37,East,Southeast,Atlanta Hawks,Prospects and Bench Players
Vlatko Čančar,8.62,1.0,1.75,0.42,0.25,0.5,0.25,0.0,0.0,0.0,0.75,1.25,2.0,0.0,0.0,0.25,0.5,1.0,2.25,1.6,F,2.03,106.2,Slovenia,2017,49,West,Northwest,Denver Nuggets,Prospects and Bench Players
Walker Kessler,27.84,4.46,6.31,0.75,0.0,0.0,0.0,1.38,2.46,0.25,3.85,6.54,10.38,1.38,0.62,2.92,1.38,2.31,10.31,13.22,C,2.13,110.25,USA,2022,22,West,Northwest,Utah Jazz,All-Stars
Wendell Carter Jr.,25.28,2.88,6.0,0.49,0.38,2.5,0.23,2.12,2.75,0.64,1.75,6.25,8.0,2.38,1.12,0.5,0.88,2.25,8.25,9.41,F,2.08,121.5,USA,2018,7,East,Southeast,Orlando Magic,All-Stars
Wendell Moore Jr.,15.78,1.9,3.4,0.54,0.3,0.9,0.25,1.1,1.2,0.5,0.9,2.6,3.5,1.2,0.6,0.3,0.8,1.2,5.2,5.32,G,1.96,96.75,USA,2022,26,East,Central,Detroit Pistons,Role Players
Xavier Tillman,9.33,0.54,2.08,0.19,0.23,1.15,0.09,0.08,0.15,0.04,0.46,1.69,2.15,0.46,0.23,0.23,0.23,0.85,1.38,1.09,F,2.01,110.25,USA,2020,35,East,Atlantic,Boston Celtics,Prospects and Bench Players
Yongxi Cui,1.46,0.0,0.33,0.0,0.0,0.0,0.0,0.33,0.67,0.17,0.0,0.0,0.0,0.0,0.0,0.0,0.0,0.0,0.33,-0.03,G,1.96,85.5,China,undrafted,undrafted,East,Atlantic,Brooklyn Nets,Prospects and Bench Players
Yuki Kawamura,3.02,0.27,1.18,0.15,0.09,0.82,0.05,0.27,0.36,0.14,0.0,0.18,0.18,0.64,0.0,0.0,0.36,0.27,0.91,0.18,G,1.73,71.55,Japan,undrafted,undrafted,West,Southwest,Memphis Grizzlies,Prospects and Bench Players
Yves Missi,24.3,3.16,5.89,0.51,0.0,0.0,0.0,1.84,2.89,0.52,3.21,4.32,7.53,1.47,0.74,1.26,1.11,1.68,8.16,9.29,C,2.11,105.75,Cameroon,2024,21,West,Southwest,New Orleans Pelicans,All-Stars
Zaccharie Risacher,24.33,4.19,10.29,0.39,1.33,4.67,0.24,1.86,2.67,0.59,1.19,2.43,3.62,1.38,0.9,0.76,1.19,2.19,11.57,7.62,F,2.03,90.0,France,2024,1,East,Southeast,Atlanta Hawks,Role Players
Zach Collins,15.01,2.32,4.63,0.48,0.58,1.63,0.35,1.47,1.63,0.38,1.16,2.47,3.63,1.84,0.47,0.53,0.95,2.32,6.68,6.12,C,2.11,112.5,USA,2017,undrafted,West,Southwest,San Antonio Spurs,Role Players
Zach Edey,20.09,4.57,7.5,0.6,0.43,0.71,0.32,1.57,2.36,0.54,3.07,3.86,6.93,0.79,0.86,1.0,1.64,3.14,11.14,9.92,C,2.24,137.25,Canada,2024,9,West,Southwest,Memphis Grizzlies,All-Stars
Zach LaVine,33.8,8.0,15.72,0.49,3.17,7.39,0.39,2.83,3.44,0.66,0.22,4.28,4.5,4.11,0.78,0.33,2.72,1.78,22.0,15.84,G,1.96,90.0,USA,2014,13,East,Central,Chicago Bulls,Superstars
Zeke Nnaji,5.23,0.58,1.58,0.24,0.0,0.67,0.0,0.08,0.33,0.04,0.17,0.42,0.58,0.25,0.08,0.17,0.08,0.33,1.25,0.68,F,2.06,108.0,USA,2020,22,West,Northwest,Denver Nuggets,Prospects and Bench Players
Ziaire Williams,21.84,3.2,7.65,0.36,0.9,3.1,0.25,1.7,2.05,0.49,1.0,3.35,4.35,1.15,0.9,0.35,0.95,2.75,9.0,6.39,F,2.06,83.25,USA,2021,undrafted,East,Atlantic,Brooklyn Nets,Role Players
Zion Williamson,31.06,7.83,17.33,0.43,0.33,1.0,0.17,6.67,10.0,0.65,2.67,5.33,8.0,5.33,0.67,1.17,3.67,3.0,22.67,16.15,F,1.98,127.8,USA,2019,1,West,Southwest,New Orleans Pelicans,Superstars
